GDEHISTID,GDENR,GDENAME,Z_CNTR,E_CNTR,N_CNTR,KTNR,KTNAME,BEZNR,BEZNAME
10001,3501,Alvaschein,998,2761600,1171500,18,Graubünden / Grigioni / Grischun,1801,Bezirk Albula
10002,3403,Ganterschwil,604,2724600,1249100,17,St. Gallen,1712,Bezirk Untertoggenburg
10003,3523,Wiesen (GR),1427,2774100,1175200,18,Graubünden / Grigioni / Grischun,1801,Bezirk Albula
10004,3522,Filisur,1027,2772100,1171500,18,Graubünden / Grigioni / Grischun,1801,Bezirk Albula
10005,3521,Bergün/Bravuogn,1364,2776700,1166700,18,Graubünden / Grigioni / Grischun,1801,Bezirk Albula
10006,3515,Surava,904,2766400,1170600,18,Graubünden / Grigioni / Grischun,1801,Bezirk Albula
10007,3514,Schmitten (GR),1264,2770800,1173200,18,Graubünden / Grigioni / Grischun,1801,Bezirk Albula
10008,3513,Lantsch/Lenz,1309,2762500,1172400,18,Graubünden / Grigioni / Grischun,1801,Bezirk Albula
10009,4122,Villnachern,366,2654400,1258000,19,Aargau,1904,Bezirk Brugg
10010,3511,Alvaneu,1182,2768800,1172100,18,Graubünden / Grigioni / Grischun,1801,Bezirk Albula
10011,3506,Vaz/Obervaz,1475,2761800,1177300,18,Graubünden / Grigioni / Grischun,1801,Bezirk Albula
10012,3505,Tiefencastel,856,2763600,1170100,18,Graubünden / Grigioni / Grischun,1801,Bezirk Albula
10013,3504,Stierva,1372,2760900,1170200,18,Graubünden / Grigioni / Grischun,1801,Bezirk Albula
10014,3532,Cunter,1191,2765000,1164200,18,Graubünden / Grigioni / Grischun,1801,Bezirk Albula
10015,3502,Mon,1221,2762700,1168800,18,Graubünden / Grigioni / Grischun,1801,Bezirk Albula
10016,3533,Marmorera,1729,2769200,1152000,18,Graubünden / Grigioni / Grischun,1801,Bezirk Albula
10017,3444,Waldkirch,620,2739200,1259200,17,St. Gallen,1714,Bezirk Gossau
10018,3443,Gossau (SG),632,2736500,1253200,17,St. Gallen,1714,Bezirk Gossau
10019,3442,Gaiserwald,618,2743200,1254400,17,St. Gallen,1714,Bezirk Gossau
10020,3441,Andwil (SG),705,2738500,1255500,17,St. Gallen,1714,Bezirk Gossau
10021,3426,Zuzwil (SG),534,2726000,1259600,17,St. Gallen,1713,Bezirk Wil
10022,3425,Wil (SG),570,2721000,1258000,17,St. Gallen,1713,Bezirk Wil
10023,3424,Oberbüren,505,2729900,1257000,17,St. Gallen,1713,Bezirk Wil
10024,3423,Niederhelfenschwil,585,2731700,1259800,17,St. Gallen,1713,Bezirk Wil
10025,3422,Niederbüren,486,2733100,1258700,17,St. Gallen,1713,Bezirk Wil
10026,3421,Bronschhofen,562,2720300,1259900,17,St. Gallen,1713,Bezirk Wil
10027,3407,Oberuzwil,564,2727100,1254700,17,St. Gallen,1712,Bezirk Untertoggenburg
10028,3406,Mogelsberg,749,2728200,1247200,17,St. Gallen,1712,Bezirk Untertoggenburg
10029,3599,Surcasti,972,2733000,1173200,18,Graubünden / Grigioni / Grischun,1803,Bezirk Glenner
10030,3503,Mutten,1392,2757700,1171800,18,Graubünden / Grigioni / Grischun,1801,Bezirk Albula
10031,3579,Riein,1266,2737200,1178600,18,Graubünden / Grigioni / Grischun,1803,Bezirk Glenner
10032,3232,Balgach,412,2763800,1253000,17,St. Gallen,1703,Bezirk Unterrheintal
10033,3596,Morissen,1348,2733200,1176900,18,Graubünden / Grigioni / Grischun,1803,Bezirk Glenner
10034,3595,Lumbrein,1414,2729800,1171700,18,Graubünden / Grigioni / Grischun,1803,Bezirk Glenner
10035,5612,Villette (Lavaux),386,2544000,1149500,22,Vaud,2208,District de Lavaux
10036,3593,Duvin,1177,2735600,1175300,18,Graubünden / Grigioni / Grischun,1803,Bezirk Glenner
10037,6486,Villiers,767,2564500,1213900,24,Neuchâtel,2405,District du Val-de-Ruz
10038,3591,Camuns,1189,2734600,1174000,18,Graubünden / Grigioni / Grischun,1803,Bezirk Glenner
10039,3587,Versam,903,2744800,1184200,18,Graubünden / Grigioni / Grischun,1803,Bezirk Glenner
10040,3586,Valendas,811,2740800,1183500,18,Graubünden / Grigioni / Grischun,1803,Bezirk Glenner
10041,3584,Sevgein,956,2736900,1180900,18,Graubünden / Grigioni / Grischun,1803,Bezirk Glenner
10042,3583,Schnaus,788,2733000,1182200,18,Graubünden / Grigioni / Grischun,1803,Bezirk Glenner
10043,4121,Villigen,361,2658500,1264200,19,Aargau,1904,Bezirk Brugg
10044,3531,Bivio,1769,2769800,1148800,18,Graubünden / Grigioni / Grischun,1801,Bezirk Albula
10045,3580,Ruschein,1160,2733900,1183100,18,Graubünden / Grigioni / Grischun,1803,Bezirk Glenner
10046,3402,Flawil,608,2731900,1252800,17,St. Gallen,1712,Bezirk Untertoggenburg
10047,3578,Pitasch,1038,2736000,1177200,18,Graubünden / Grigioni / Grischun,1803,Bezirk Glenner
10048,3577,Luven,1013,2734400,1180400,18,Graubünden / Grigioni / Grischun,1803,Bezirk Glenner
10049,3576,Ladir,1289,2734600,1183700,18,Graubünden / Grigioni / Grischun,1803,Bezirk Glenner
10050,3575,Laax,1020,2738800,1185400,18,Graubünden / Grigioni / Grischun,1803,Bezirk Glenner
10051,3573,Flond,1077,2731900,1181000,18,Graubünden / Grigioni / Grischun,1803,Bezirk Glenner
10052,3571,Castrisch,725,2736900,1182100,18,Graubünden / Grigioni / Grischun,1803,Bezirk Glenner
10053,3561,Poschiavo,1011,2801700,1133800,18,Graubünden / Grigioni / Grischun,1802,Distretto di Bernina
10054,3551,Brusio,747,2807200,1126400,18,Graubünden / Grigioni / Grischun,1802,Distretto di Bernina
10055,4080,Villmergen,430,2660900,1244400,19,Aargau,1903,Bezirk Bremgarten
10056,3540,Sur,1605,2768300,1154700,18,Graubünden / Grigioni / Grischun,1801,Bezirk Albula
10057,3539,Savognin,1194,2765500,1162700,18,Graubünden / Grigioni / Grischun,1801,Bezirk Albula
10058,3538,Salouf,1259,2763600,1166000,18,Graubünden / Grigioni / Grischun,1801,Bezirk Albula
10059,3534,Mulegns,1481,2767400,1154900,18,Graubünden / Grigioni / Grischun,1801,Bezirk Albula
10060,3581,Sagogn,763,2738700,1183800,18,Graubünden / Grigioni / Grischun,1803,Bezirk Glenner
10061,3272,Gams,476,2751800,1230100,17,St. Gallen,1705,Bezirk Werdenberg
10062,3405,Jonschwil,602,2724400,1253900,17,St. Gallen,1712,Bezirk Untertoggenburg
10063,3311,Amden,962,2729800,1223400,17,St. Gallen,1707,Bezirk Gaster
10064,3298,Walenstadt,424,2742200,1220900,17,St. Gallen,1706,Bezirk Sargans
10065,5863,Vinzel,443,2510900,1144600,22,Vaud,2216,District de Rolle
10066,3296,Sargans,482,2752100,1212700,17,St. Gallen,1706,Bezirk Sargans
10067,3295,Quarten,560,2736700,1219000,17,St. Gallen,1706,Bezirk Sargans
10068,3294,Pfäfers,819,2756900,1206300,17,St. Gallen,1706,Bezirk Sargans
10069,3293,Mels,496,2750500,1212500,17,St. Gallen,1706,Bezirk Sargans
10070,3292,Flums,454,2744500,1217400,17,St. Gallen,1706,Bezirk Sargans
10071,3291,Bad Ragaz,512,2756900,1207900,17,St. Gallen,1706,Bezirk Sargans
10072,3276,Wartau,550,2755300,1217800,17,St. Gallen,1705,Bezirk Werdenberg
10073,3275,Sevelen,490,2755200,1221000,17,St. Gallen,1705,Bezirk Werdenberg
10074,3313,Kaltbrunn,445,2720300,1230400,17,St. Gallen,1707,Bezirk Gaster
10075,3273,Grabs,475,2751900,1227700,17,St. Gallen,1705,Bezirk Werdenberg
10076,3314,Rieden,720,2722100,1231100,17,St. Gallen,1707,Bezirk Gaster
10077,3271,Buchs (SG),450,2754100,1225800,17,St. Gallen,1705,Bezirk Werdenberg
10078,6158,Vionnaz,399,2558600,1128900,23,Valais / Wallis,2308,District de Monthey
10079,3255,Rebstein,430,2761900,1252100,17,St. Gallen,1704,Bezirk Oberrheintal
10080,3254,Oberriet (SG),420,2760700,1243200,17,St. Gallen,1704,Bezirk Oberrheintal
10081,3253,Marbach (SG),427,2760800,1251200,17,St. Gallen,1704,Bezirk Oberrheintal
10082,3252,Eichberg,530,2757500,1245900,17,St. Gallen,1704,Bezirk Oberrheintal
10083,3251,Altstätten,462,2758700,1249600,17,St. Gallen,1704,Bezirk Oberrheintal
10084,3238,Widnau,405,2765700,1252900,17,St. Gallen,1703,Bezirk Unterrheintal
10085,3237,Thal,414,2760700,1259300,17,St. Gallen,1703,Bezirk Unterrheintal
10086,3236,St. Margrethen,401,2765500,1258100,17,St. Gallen,1703,Bezirk Unterrheintal
10087,3235,Rheineck,401,2762100,1259500,17,St. Gallen,1703,Bezirk Unterrheintal
10088,3234,Diepoldsau,409,2767400,1250600,17,St. Gallen,1703,Bezirk Unterrheintal
10089,3911,Churwalden,1232,2760600,1183300,18,Graubünden / Grigioni / Grischun,1812,Bezirk Plessur
10090,3274,Sennwald,445,2756300,1236500,17,St. Gallen,1705,Bezirk Werdenberg
10091,3355,Nesslau,756,2733400,1231800,17,St. Gallen,1709,Bezirk Obertoggenburg
10092,3401,Degersheim,816,2732800,1248400,17,St. Gallen,1712,Bezirk Untertoggenburg
10093,3394,Mosnang,725,2721000,1247000,17,St. Gallen,1711,Bezirk Alttoggenburg
10094,3393,Lütisburg,556,2723800,1250600,17,St. Gallen,1711,Bezirk Alttoggenburg
10095,3392,Kirchberg (SG),732,2720800,1252400,17,St. Gallen,1711,Bezirk Alttoggenburg
10096,3391,Bütschwil,619,2723400,1246800,17,St. Gallen,1711,Bezirk Alttoggenburg
10097,3377,Wattwil,616,2724800,1240500,17,St. Gallen,1710,Bezirk Neutoggenburg
10098,3376,St. Peterzell,702,2731200,1242200,17,St. Gallen,1710,Bezirk Neutoggenburg
10099,3375,Oberhelfenschwil,801,2726500,1246200,17,St. Gallen,1710,Bezirk Neutoggenburg
10100,3374,Lichtensteig,627,2724600,1242800,17,St. Gallen,1710,Bezirk Neutoggenburg
10101,3373,Krinau,804,2721900,1242000,17,St. Gallen,1710,Bezirk Neutoggenburg
10102,3372,Hemberg,944,2731300,1240300,17,St. Gallen,1710,Bezirk Neutoggenburg
10103,3371,Brunnadern,659,2727900,1244000,17,St. Gallen,1710,Bezirk Neutoggenburg
10104,3312,Benken (SG),417,2718700,1228700,17,St. Gallen,1707,Bezirk Gaster
10105,3297,Vilters,500,2753000,1210100,17,St. Gallen,1706,Bezirk Sargans
10106,3600,Surcuolm,1367,2730300,1179900,18,Graubünden / Grigioni / Grischun,1803,Bezirk Glenner
10107,3354,Krummenau,714,2731200,1234300,17,St. Gallen,1709,Bezirk Obertoggenburg
10108,3351,Alt St. Johann,890,2739900,1228600,17,St. Gallen,1709,Bezirk Obertoggenburg
10109,3339,Uznach,414,2717100,1231500,17,St. Gallen,1708,Bezirk See
10110,3338,Schmerikon,407,2714000,1231600,17,St. Gallen,1708,Bezirk See
10111,3337,St. Gallenkappel,568,2715900,1233800,17,St. Gallen,1708,Bezirk See
10112,3336,Rapperswil (SG),412,2704500,1231600,17,St. Gallen,1708,Bezirk See
10113,3335,Jona,421,2705900,1232200,17,St. Gallen,1708,Bezirk See
10114,3334,Gommiswald,583,2720000,1232300,17,St. Gallen,1708,Bezirk See
10115,3333,Goldingen,700,2715700,1235800,17,St. Gallen,1708,Bezirk See
10116,3332,Eschenbach (SG),479,2712300,1233200,17,St. Gallen,1708,Bezirk See
10117,3331,Ernetschwil,578,2718400,1233000,17,St. Gallen,1708,Bezirk See
10118,3316,Weesen,427,2725500,1221500,17,St. Gallen,1707,Bezirk Gaster
10119,3315,Schänis,419,2721900,1224500,17,St. Gallen,1707,Bezirk Gaster
10120,3357,Wildhaus,1090,2744900,1229800,17,St. Gallen,1709,Bezirk Obertoggenburg
10121,3774,Soglio,1094,2761700,1134400,18,Graubünden / Grigioni / Grischun,1808,Bezirk Maloja / Distretto di Maloggia
10122,3734,Trin,883,2746800,1188200,18,Graubünden / Grigioni / Grischun,1806,Bezirk Imboden
10123,3803,Braggio,1309,2729800,1129400,18,Graubünden / Grigioni / Grischun,1809,Distretto di Moësa
10124,3791,Zuoz,1717,2793100,1164300,18,Graubünden / Grigioni / Grischun,1808,Bezirk Maloja / Distretto di Maloggia
10125,3790,Silvaplana,1817,2781000,1148100,18,Graubünden / Grigioni / Grischun,1808,Bezirk Maloja / Distretto di Maloggia
10126,3789,Sils im Engadin/Segl,1807,2778600,1144700,18,Graubünden / Grigioni / Grischun,1808,Bezirk Maloja / Distretto di Maloggia
10127,3788,S-chanf,1658,2794900,1165400,18,Graubünden / Grigioni / Grischun,1808,Bezirk Maloja / Distretto di Maloggia
10128,3787,St. Moritz,1825,2784200,1152400,18,Graubünden / Grigioni / Grischun,1808,Bezirk Maloja / Distretto di Maloggia
10129,3786,Samedan,1728,2786600,1156500,18,Graubünden / Grigioni / Grischun,1808,Bezirk Maloja / Distretto di Maloggia
10130,3785,La Punt-Chamues-ch,1702,2791200,1161200,18,Graubünden / Grigioni / Grischun,1808,Bezirk Maloja / Distretto di Maloggia
10131,3784,Pontresina,1821,2789300,1151900,18,Graubünden / Grigioni / Grischun,1808,Bezirk Maloja / Distretto di Maloggia
10132,3783,Madulain,1684,2791400,1162400,18,Graubünden / Grigioni / Grischun,1808,Bezirk Maloja / Distretto di Maloggia
10133,3782,Celerina/Schlarigna,1716,2785900,1154100,18,Graubünden / Grigioni / Grischun,1808,Bezirk Maloja / Distretto di Maloggia
10134,3805,Castaneda,767,2731300,1124200,18,Graubünden / Grigioni / Grischun,1809,Distretto di Moësa
10135,3775,Stampa,986,2765600,1134700,18,Graubünden / Grigioni / Grischun,1808,Bezirk Maloja / Distretto di Maloggia
10136,3806,Cauco,983,2729500,1132900,18,Graubünden / Grigioni / Grischun,1809,Distretto di Moësa
10137,3773,Castasegna,701,2760000,1133500,18,Graubünden / Grigioni / Grischun,1808,Bezirk Maloja / Distretto di Maloggia
10138,3771,Bondo,820,2762900,1133700,18,Graubünden / Grigioni / Grischun,1808,Bezirk Maloja / Distretto di Maloggia
10139,3763,Sent,1431,2821200,1189200,18,Graubünden / Grigioni / Grischun,1807,Bezirk Inn
10140,3761,Ftan,1635,2814400,1186300,18,Graubünden / Grigioni / Grischun,1807,Bezirk Inn
10141,3753,Tschlin,1538,2827700,1195400,18,Graubünden / Grigioni / Grischun,1807,Bezirk Inn
10142,3752,Samnaun,1748,2825000,1205300,18,Graubünden / Grigioni / Grischun,1807,Bezirk Inn
10143,3751,Ramosch,1245,2824500,1191300,18,Graubünden / Grigioni / Grischun,1807,Bezirk Inn
10144,3746,Zernez,1478,2803200,1175600,18,Graubünden / Grigioni / Grischun,1807,Bezirk Inn
10145,3745,Tarasp,1398,2815300,1184400,18,Graubünden / Grigioni / Grischun,1807,Bezirk Inn
10146,3744,Susch,1427,2801700,1181000,18,Graubünden / Grigioni / Grischun,1807,Bezirk Inn
10147,3743,Lavin,1416,2804100,1183100,18,Graubünden / Grigioni / Grischun,1807,Bezirk Inn
10148,3742,Guarda,1654,2807300,1184100,18,Graubünden / Grigioni / Grischun,1807,Bezirk Inn
10149,3598,St. Martin,1018,2733300,1170800,18,Graubünden / Grigioni / Grischun,1803,Bezirk Glenner
10150,3781,Bever,1708,2787900,1158700,18,Graubünden / Grigioni / Grischun,1808,Bezirk Maloja / Distretto di Maloggia
10151,2110,Villarsiviriaux,835,2567300,1172100,10,Fribourg / Freiburg,1002,District de la Glâne
10152,3901,Chur,590,2759300,1191000,18,Graubünden / Grigioni / Grischun,1812,Bezirk Plessur
10153,3892,St. Antönien Ascharina,1454,2780500,1203500,18,Graubünden / Grigioni / Grischun,1811,Bezirk Oberlandquart
10154,3891,Luzein,968,2777200,1199200,18,Graubünden / Grigioni / Grischun,1811,Bezirk Oberlandquart
10155,3883,Saas,1000,2780500,1198300,18,Graubünden / Grigioni / Grischun,1811,Bezirk Oberlandquart
10156,3882,Küblis,812,2778000,1198600,18,Graubünden / Grigioni / Grischun,1811,Bezirk Oberlandquart
10157,3023,Speicher,928,2751200,1253100,15,Appenzell Ausserrhoden,1502,Bezirk Mittelland
10158,3862,Furna,1355,2770500,1200900,18,Graubünden / Grigioni / Grischun,1811,Bezirk Oberlandquart
10159,6011,Zwischbergen,821,2654200,1116200,23,Valais / Wallis,2301,Bezirk Brig
10160,3861,Fideris,898,2775500,1198600,18,Graubünden / Grigioni / Grischun,1811,Bezirk Oberlandquart
10161,3851,Davos,1536,2782200,1185700,18,Graubünden / Grigioni / Grischun,1811,Bezirk Oberlandquart
10162,2228,Villars-sur-Glâne,658,2577000,1182200,10,Fribourg / Freiburg,1004,District de la Sarine
10163,5538,Villars-Tiercelin,813,2543700,1164100,22,Vaud,2205,District d'Echallens
10164,3804,Buseno,726,2728600,1125900,18,Graubünden / Grigioni / Grischun,1809,Distretto di Moësa
10165,2230,Villarsel-sur-Marly,722,2579800,1178900,10,Fribourg / Freiburg,1004,District de la Sarine
10166,3733,Tamins,664,2750200,1188500,18,Graubünden / Grigioni / Grischun,1806,Bezirk Imboden
10167,2159,Villarvolard,729,2574600,1166000,10,Fribourg / Freiburg,1003,District de la Gruyère
10168,3836,Verdabbio,610,2732500,1125600,18,Graubünden / Grigioni / Grischun,1809,Distretto di Moësa
10169,3835,San Vittore,276,2728800,1122100,18,Graubünden / Grigioni / Grischun,1809,Distretto di Moësa
10170,3834,Roveredo (GR),298,2730700,1122200,18,Graubünden / Grigioni / Grischun,1809,Distretto di Moësa
10171,3833,Leggia,338,2733000,1124900,18,Graubünden / Grigioni / Grischun,1809,Distretto di Moësa
10172,3832,Grono,330,2731900,1123300,18,Graubünden / Grigioni / Grischun,1809,Distretto di Moësa
10173,3831,Cama,350,2733700,1125800,18,Graubünden / Grigioni / Grischun,1809,Distretto di Moësa
10174,3823,Soazza,619,2737300,1136600,18,Graubünden / Grigioni / Grischun,1809,Distretto di Moësa
10175,3822,Mesocco,788,2738000,1139500,18,Graubünden / Grigioni / Grischun,1809,Distretto di Moësa
10176,3821,Lostallo,427,2735300,1130600,18,Graubünden / Grigioni / Grischun,1809,Distretto di Moësa
10177,3811,Selma,968,2729600,1131200,18,Graubünden / Grigioni / Grischun,1809,Distretto di Moësa
10178,3810,Santa Maria in Calanca,967,2731500,1125000,18,Graubünden / Grigioni / Grischun,1809,Distretto di Moësa
10179,5830,Villarzel,617,2559900,1177700,22,Vaud,2214,District de Payerne
10180,2229,Villarsel-le-Gibloux,747,2567800,1173800,10,Fribourg / Freiburg,1004,District de la Sarine
10181,3633,Fürstenau,662,2753500,1176400,18,Graubünden / Grigioni / Grischun,1804,Bezirk Heinzenberg
10182,3741,Ardez,1469,2811000,1184200,18,Graubünden / Grigioni / Grischun,1807,Bezirk Inn
10183,3662,Flerden,1238,2750600,1174300,18,Graubünden / Grigioni / Grischun,1804,Bezirk Heinzenberg
10184,3661,Cazis,662,2752200,1176400,18,Graubünden / Grigioni / Grischun,1804,Bezirk Heinzenberg
10185,3652,Tenna,1656,2745200,1179100,18,Graubünden / Grigioni / Grischun,1804,Bezirk Heinzenberg
10186,3651,Safien,1299,2743600,1171700,18,Graubünden / Grigioni / Grischun,1804,Bezirk Heinzenberg
10187,3642,Tumegl/Tomils,801,2753100,1180900,18,Graubünden / Grigioni / Grischun,1804,Bezirk Heinzenberg
10188,3641,Trans,1486,2754400,1181300,18,Graubünden / Grigioni / Grischun,1804,Bezirk Heinzenberg
10189,3640,Sils im Domleschg,682,2754100,1174100,18,Graubünden / Grigioni / Grischun,1804,Bezirk Heinzenberg
10190,3639,Scheid,1238,2753400,1182700,18,Graubünden / Grigioni / Grischun,1804,Bezirk Heinzenberg
10191,3638,Scharans,766,2754500,1176000,18,Graubünden / Grigioni / Grischun,1804,Bezirk Heinzenberg
10192,3637,Rothenbrunnen,617,2751800,1181700,18,Graubünden / Grigioni / Grischun,1804,Bezirk Heinzenberg
10193,3636,Rodels,685,2753300,1178000,18,Graubünden / Grigioni / Grischun,1804,Bezirk Heinzenberg
10194,3664,Portein,1155,2750500,1175300,18,Graubünden / Grigioni / Grischun,1804,Bezirk Heinzenberg
10195,3634,Paspels,759,2753100,1179500,18,Graubünden / Grigioni / Grischun,1804,Bezirk Heinzenberg
10196,3665,Präz,1188,2750300,1178700,18,Graubünden / Grigioni / Grischun,1804,Bezirk Heinzenberg
10197,3632,Feldis/Veulden,1471,2752200,1184500,18,Graubünden / Grigioni / Grischun,1804,Bezirk Heinzenberg
10198,3631,Almens,790,2754200,1178200,18,Graubünden / Grigioni / Grischun,1804,Bezirk Heinzenberg
10199,3616,Waltensburg/Vuorz,1004,2728200,1182000,18,Graubünden / Grigioni / Grischun,1803,Bezirk Glenner
10200,3615,Siat,1311,2731700,1183700,18,Graubünden / Grigioni / Grischun,1803,Bezirk Glenner
10201,3614,Rueun,788,2730800,1182300,18,Graubünden / Grigioni / Grischun,1803,Bezirk Glenner
10202,2047,Villeneuve (FR),479,2556500,1177400,10,Fribourg / Freiburg,1001,District de la Broye
10203,3612,Obersaxen,1344,2727000,1178500,18,Graubünden / Grigioni / Grischun,1803,Bezirk Glenner
10204,3611,Andiast,1202,2727900,1182900,18,Graubünden / Grigioni / Grischun,1803,Bezirk Glenner
10205,3606,Vrin,1444,2727100,1168400,18,Graubünden / Grigioni / Grischun,1803,Bezirk Glenner
10206,5414,Villeneuve (VD),373,2560600,1138600,22,Vaud,2201,District d'Aigle
10207,448,Villeret,747,2568200,1223100,2,Bern / Berne,207,District de Courtelary
10208,3603,Vals,1253,2733400,1164300,18,Graubünden / Grigioni / Grischun,1803,Bezirk Glenner
10209,3601,Tersnaus,1062,2733500,1172600,18,Graubünden / Grigioni / Grischun,1803,Bezirk Glenner
10210,3635,Pratval,688,2753400,1177600,18,Graubünden / Grigioni / Grischun,1804,Bezirk Heinzenberg
10211,3703,Casti-Wergenstein,1487,2750800,1165800,18,Graubünden / Grigioni / Grischun,1805,Bezirk Hinterrhein
10212,3732,Flims,1089,2740800,1189000,18,Graubünden / Grigioni / Grischun,1806,Bezirk Imboden
10213,3731,Felsberg,568,2755500,1190400,18,Graubünden / Grigioni / Grischun,1806,Bezirk Imboden
10214,3723,Rhäzüns,657,2749500,1184900,18,Graubünden / Grigioni / Grischun,1806,Bezirk Imboden
10215,3722,Domat/Ems,582,2753500,1189100,18,Graubünden / Grigioni / Grischun,1806,Bezirk Imboden
10216,3721,Bonaduz,655,2749600,1186400,18,Graubünden / Grigioni / Grischun,1806,Bezirk Imboden
10217,3712,Zillis-Reischen,934,2753500,1166800,18,Graubünden / Grigioni / Grischun,1805,Bezirk Hinterrhein
10218,3711,Rongellen,1010,2753300,1171200,18,Graubünden / Grigioni / Grischun,1805,Bezirk Hinterrhein
10219,3710,Pignia,1043,2753100,1164400,18,Graubünden / Grigioni / Grischun,1805,Bezirk Hinterrhein
10220,3709,Patzen-Fardün,1159,2752300,1166800,18,Graubünden / Grigioni / Grischun,1805,Bezirk Hinterrhein
10221,3708,Mathon,1539,2751300,1167000,18,Graubünden / Grigioni / Grischun,1805,Bezirk Hinterrhein
10222,3707,Lohn (GR),1580,2752200,1168600,18,Graubünden / Grigioni / Grischun,1805,Bezirk Hinterrhein
10223,3706,Innerferrera,1475,2753800,1154100,18,Graubünden / Grigioni / Grischun,1805,Bezirk Hinterrhein
10224,3663,Masein,867,2752000,1174200,18,Graubünden / Grigioni / Grischun,1804,Bezirk Heinzenberg
10225,3704,Clugin,1014,2752200,1164800,18,Graubünden / Grigioni / Grischun,1805,Bezirk Hinterrhein
10226,3231,Au (SG),403,2765800,1256100,17,St. Gallen,1703,Bezirk Unterrheintal
10227,3702,Ausserferrera,1301,2753400,1158100,18,Graubünden / Grigioni / Grischun,1805,Bezirk Hinterrhein
10228,3701,Andeer,983,2752300,1163200,18,Graubünden / Grigioni / Grischun,1805,Bezirk Hinterrhein
10229,3695,Sufers,1428,2747800,1159500,18,Graubünden / Grigioni / Grischun,1805,Bezirk Hinterrhein
10230,3694,Splügen,1467,2744500,1157500,18,Graubünden / Grigioni / Grischun,1805,Bezirk Hinterrhein
10231,3693,Nufenen,1575,2738600,1155900,18,Graubünden / Grigioni / Grischun,1805,Bezirk Hinterrhein
10232,3692,Medels im Rheinwald,1562,2742500,1156900,18,Graubünden / Grigioni / Grischun,1805,Bezirk Hinterrhein
10233,3691,Hinterrhein,1622,2735100,1154800,18,Graubünden / Grigioni / Grischun,1805,Bezirk Hinterrhein
10234,3681,Avers,1954,2759300,1148900,18,Graubünden / Grigioni / Grischun,1805,Bezirk Hinterrhein
10235,3670,Urmein,1250,2750200,1173000,18,Graubünden / Grigioni / Grischun,1804,Bezirk Heinzenberg
10236,3669,Tschappina,1441,2748600,1172500,18,Graubünden / Grigioni / Grischun,1804,Bezirk Heinzenberg
10237,3668,Thusis,730,2752900,1173500,18,Graubünden / Grigioni / Grischun,1804,Bezirk Heinzenberg
10238,3667,Tartar,1002,2751300,1176000,18,Graubünden / Grigioni / Grischun,1804,Bezirk Heinzenberg
10239,3666,Sarn,1170,2750700,1176200,18,Graubünden / Grigioni / Grischun,1804,Bezirk Heinzenberg
10240,3705,Donath,1040,2752400,1166100,18,Graubünden / Grigioni / Grischun,1805,Bezirk Hinterrhein
10241,9155,Lac de Neuchâtel (NE),0,2560000,1201000,24,Neuchâtel,2400,Région sans district Neuchâtel
10242,181,Wila,566,2706200,1253100,1,Zürich,108,Bezirk Pfäffikon
10243,9216,Sihlsee,0,2702200,1220000,5,Schwyz,500,Bezirksfreies Gebiet Schwyz
10244,9184,Vierwaldstättersee (NW),0,2675600,1204400,7,Nidwalden,700,Kanton Nidwalden
10245,9183,Vierwaldstättersee (OW),0,2665300,1201400,6,Obwalden,600,Kanton Obwalden
10246,9182,Vierwaldstättersee (SZ),0,2681100,1204300,5,Schwyz,500,Bezirksfreies Gebiet Schwyz
10247,9181,Vierwaldstättersee (UR),0,2688500,1198900,4,Uri,400,Kanton Uri
10248,9180,Vierwaldstättersee (LU),0,2672400,1208700,3,Luzern,300,Bezirksfreies Gebiet Luzern
10249,9178,Zugersee (ZG),0,2679400,1222300,9,Zug,900,Kanton Zug
10250,9177,Zugersee (SZ),0,2680500,1215400,5,Schwyz,500,Bezirksfreies Gebiet Schwyz
10251,9176,Zugersee (LU),0,2678600,1219100,3,Luzern,300,Bezirksfreies Gebiet Luzern
10252,9174,Hallwilersee (AG),0,2658600,1237800,19,Aargau,1900,Bezirksfreies Gebiet Aargau
10253,9173,Hallwilersee (LU),0,2659600,1234400,3,Luzern,300,Bezirksfreies Gebiet Luzern
10254,9268,Walensee (GL),0,2730000,1220800,8,Glarus,800,Kanton Glarus
10255,9157,Baldeggersee,0,2662300,1228000,3,Luzern,300,Bezirksfreies Gebiet Luzern
10256,9269,Walensee (SG),0,2735100,1220800,17,St. Gallen,1700,Bezirksfreies Gebiet St. Gallen
10257,9154,Lac de Neuchâtel (VD),0,2547900,1189900,22,Vaud,2200,Région sans district Vaud
10258,9153,Lac de Neuchâtel (FR),0,2554900,1191900,10,Fribourg / Freiburg,1000,Région sans district Fribourg / Freiburg
10259,9152,Lac de Neuchâtel (BE),0,2570200,1204200,2,Bern / Berne,200,Bezirksfreies Gebiet Bern / Berne
10260,9150,Bielersee / Lac de Bienne (NE),0,2572700,1211700,24,Neuchâtel,2400,Région sans district Neuchâtel
10261,9149,Bielersee / Lac de Bienne (BE),0,2578500,1213800,2,Bern / Berne,200,Bezirksfreies Gebiet Bern / Berne
10262,9089,Brienzersee,0,2640700,1175100,2,Bern / Berne,200,Bezirksfreies Gebiet Bern / Berne
10263,9073,Thunersee,0,2621600,1171300,2,Bern / Berne,200,Bezirksfreies Gebiet Bern / Berne
10264,9053,Zürichsee (SG),0,2707900,1230800,17,St. Gallen,1700,Bezirksfreies Gebiet St. Gallen
10265,9052,Zürichsee (SZ),0,2705100,1229500,5,Schwyz,500,Bezirksfreies Gebiet Schwyz
10266,9051,Zürichsee (ZH),0,2692100,1235400,1,Zürich,100,Bezirksfreies Gebiet Zürich
10267,9040,Greifensee,0,2693700,1245000,1,Zürich,100,Bezirksfreies Gebiet Zürich
10268,71,Wil (ZH),405,2680400,1273300,1,Zürich,103,Bezirk Bülach
10269,4838,Weiningen (TG),446,2708900,1271800,20,Thurgau,2007,Bezirk Steckborn
10270,9163,Sempachersee,0,2654400,1221700,3,Luzern,300,Bezirksfreies Gebiet Luzern
10272,3233,Berneck,415,2764000,1255000,17,St. Gallen,1703,Bezirk Unterrheintal
10273,394,Wengi,486,2597100,1214600,2,Bern / Berne,205,Amtsbezirk Büren
10274,1009,Werthenstein,577,2650400,1211600,3,Luzern,301,Amt Entlebuch
10275,4045,Wettingen,390,2666300,1257800,19,Aargau,1902,Bezirk Baden
10276,4740,Wetzikon (TG),616,2717600,1266400,20,Thurgau,2006,Bezirk Münchwilen
10277,121,Wetzikon (ZH),531,2702700,1242100,1,Zürich,105,Bezirk Hinwil
10278,4081,Widen,561,2669800,1246800,19,Aargau,1903,Bezirk Bremgarten
10279,229,Wiesendangen,469,2701700,1264300,1,Zürich,110,Bezirk Winterthur
10280,4766,Wiezikon,565,2716700,1256600,20,Thurgau,2006,Bezirk Münchwilen
10281,4954,Wigoltingen,422,2719700,1273100,20,Thurgau,2008,Bezirk Weinfelden
10282,1147,Wikon,464,2640300,1234700,3,Luzern,305,Amt Willisau
10283,4180,Wil (AG),375,2653700,1268000,19,Aargau,1906,Bezirk Laufenburg
10284,9239,Sarnersee,0,2659300,1190900,6,Obwalden,600,Kanton Obwalden
10286,2974,Wilchingen,423,2677300,1280100,14,Schaffhausen,1406,Bezirk Unterklettgau
10287,9760,Lac Léman (GE),0,2503800,1125000,25,Genève,2500,Canton de Genève
10288,9759,Lac Léman (VS),0,2553200,1139100,23,Valais / Wallis,2300,Région sans district Valais / Wallis
10289,9758,Lac Léman (VD),0,2533300,1148500,22,Vaud,2200,Région sans district Vaud
10290,9751,Lac de Joux,0,2511700,1165900,22,Vaud,2200,Région sans district Vaud
10291,9711,Lago Maggiore,0,2703700,1110700,21,Ticino,2100,Territorio senza distretto Ticino
10292,9710,"Lago di Lugano (ohne Campione, I)",0,2717100,1091500,21,Ticino,2100,Territorio senza distretto Ticino
10293,9329,Bodensee (TG),0,2742200,1273800,20,Thurgau,2000,Bezirksfreies Gebiet Thurgau
10294,9328,Bodensee (SG),0,2755800,1264200,17,St. Gallen,1700,Bezirksfreies Gebiet St. Gallen
10295,9327,Bodensee (SH),0,2707300,1279400,14,Schaffhausen,1400,Bezirksfreies Gebiet Schaffhausen
10296,9296,Murtensee / Lac de Morat (VD),0,2570900,1196400,22,Vaud,2200,Région sans district Vaud
10297,9295,Murtensee / Lac de Morat (FR),0,2574000,1198600,10,Fribourg / Freiburg,1000,Région sans district Fribourg / Freiburg
10298,9276,Lac de la Gruyère / Greyerzersee,0,2574000,1168400,10,Fribourg / Freiburg,1000,Région sans district Fribourg / Freiburg
10299,9270,Aegerisee,0,2689600,1219600,9,Zug,900,Kanton Zug
10301,4147,Zetzwil,508,2653800,1237400,19,Aargau,1905,Bezirk Kulm
10302,5238,C'za Corticiasca/Valcolla,1280,2722800,1106100,21,Ticino,2105,Distretto di Lugano
10303,4048,Würenlos,409,2669800,1255100,19,Aargau,1902,Bezirk Baden
10304,345,Wynau,446,2628700,1234300,2,Bern / Berne,202,Amtsbezirk Aarwangen
10305,424,Wynigen,530,2617300,1217200,2,Bern / Berne,206,Amtsbezirk Burgdorf
10306,5655,Yens,569,2521700,1152400,22,Vaud,2209,District de Morges
10307,5939,Yvonand,434,2546900,1183500,22,Vaud,2219,District d'Yverdon
10308,5415,Yvorne,465,2563200,1131200,22,Vaud,2201,District d'Aigle
10309,4183,Zeihen,453,2648700,1258500,19,Aargau,1906,Bezirk Laufenburg
10310,4263,Zeiningen,340,2632500,1265700,19,Aargau,1909,Bezirk Rheinfelden
10311,1150,Zell (LU),591,2636700,1221000,3,Luzern,305,Amt Willisau
10312,231,Zell (ZH),492,2700800,1257000,1,Zürich,110,Bezirk Winterthur
10313,2232,Zénauva,799,2580300,1175800,10,Fribourg / Freiburg,1004,District de la Sarine
10314,1323,Wollerau,512,2697100,1228000,5,Schwyz,503,Bezirk Höfe
10315,6300,Zermatt,1612,2623900,1096500,23,Valais / Wallis,2313,Bezirk Visp
10316,1107,Wolhusen,570,2648200,1212100,3,Luzern,304,Amt Sursee
10317,4714,Zezikon,489,2719200,1266100,20,Thurgau,2006,Bezirk Münchwilen
10318,4518,Zihlschlacht,527,2737100,1265000,20,Thurgau,2002,Bezirk Bischofszell
10319,4289,Zofingen,437,2638300,1237700,19,Aargau,1910,Bezirk Zofingen
10320,361,Zollikofen,562,2601200,1205300,2,Bern / Berne,203,Amtsbezirk Bern
10321,4679,Zuben,510,2735200,1274700,20,Thurgau,2005,Bezirk Kreuzlingen
10322,4083,Zufikon,402,2669600,1244200,19,Aargau,1903,Bezirk Bremgarten
10323,1711,Zug,449,2681800,1224700,9,Zug,900,Kanton Zug
10324,2622,Zullwil,588,2612200,1248900,11,Solothurn,1110,Bezirk Thierstein
10325,2310,Zumholz,860,2588900,1178200,10,Fribourg / Freiburg,1006,Bezirk Sense
10326,160,Zumikon,655,2689700,1242900,1,Zürich,107,Bezirk Meilen
10327,253,Zürich,408,2683100,1247100,1,Zürich,111,Bezirk Zürich
10328,4323,Zurzach,340,2664500,1271000,19,Aargau,1911,Bezirk Zurzach
10329,4264,Zuzgen,375,2634800,1263800,19,Aargau,1909,Bezirk Rheinfelden
10330,6299,Zeneggen,1384,2632900,1124700,23,Valais / Wallis,2313,Bezirk Visp
10331,72,Winkel,459,2684200,1260800,1,Zürich,103,Bezirk Bülach
10332,5020,C'za Medeglia/Robasacco,1768,2724700,1111400,21,Ticino,2101,Distretto di Bellinzona
10333,2285,Staatswald Galm,582,2579900,1196100,10,Fribourg / Freiburg,1005,Bezirk See / District du Lac
10334,182,Wildberg,657,2704000,1253800,1,Zürich,108,Bezirk Pfäffikon
10335,4598,Wilen bei Neunforn,508,2702200,1273200,20,Thurgau,2004,Bezirk Frauenfeld
10336,4752,Wilen bei Wil,575,2720300,1256900,20,Thurgau,2006,Bezirk Münchwilen
10337,6202,Wiler (Lötschen),1424,2626600,1139300,23,Valais / Wallis,2309,Bezirk Raron
10338,4288,Wiliberg,661,2644200,1235400,19,Aargau,1910,Bezirk Zofingen
10339,1105,Wilihof,505,2647500,1230700,3,Luzern,304,Amt Sursee
10340,423,Willadingen,466,2613300,1221700,2,Bern / Berne,206,Amtsbezirk Burgdorf
10341,1148,Willisau Land,676,2641600,1214700,3,Luzern,305,Amt Willisau
10342,1149,Willisau Stadt,558,2641900,1219100,3,Luzern,305,Amt Willisau
10343,4542,Willisdorf,406,2697400,1282000,20,Thurgau,2003,Bezirk Diessenhofen
10344,4047,Würenlingen,370,2661700,1264800,19,Aargau,1902,Bezirk Baden
10345,1106,Winikon,521,2646300,1232000,3,Luzern,304,Amt Sursee
10346,4739,Weingarten,487,2716500,1264900,20,Thurgau,2006,Bezirk Münchwilen
10347,230,Winterthur,442,2697200,1261700,1,Zürich,110,Bezirk Winterthur
10348,2501,Winznau,402,2637400,1246100,11,Solothurn,1105,Bezirk Gösgen
10349,2502,Wisen (SO),689,2633800,1249200,11,Solothurn,1105,Bezirk Gösgen
10350,4322,Wislikofen,391,2669400,1267900,19,Aargau,1911,Bezirk Zurzach
10351,4555,Wittenwil,502,2711800,1262400,20,Thurgau,2004,Bezirk Frauenfeld
10352,2481,Witterswil,339,2606300,1259400,11,Solothurn,1104,Bezirk Dorneck
10353,4181,Wittnau,408,2640400,1258900,19,Aargau,1906,Bezirk Laufenburg
10354,4082,Wohlen (AG),422,2663400,1244700,19,Aargau,1903,Bezirk Bremgarten
10355,360,Wohlen bei Bern,561,2593900,1202500,2,Bern / Berne,203,Amtsbezirk Bern
10356,4046,Wohlenschwil,383,2661800,1251600,19,Aargau,1902,Bezirk Baden
10357,1511,Wolfenschiessen,510,2672900,1195800,7,Nidwalden,700,Kanton Nidwalden
10358,3038,Wolfhalden,711,2759200,1258000,15,Appenzell Ausserrhoden,1503,Bezirk Vorderland
10359,4182,Wölflinswil,437,2642200,1256900,19,Aargau,1906,Bezirk Laufenburg
10360,4123,Windisch,359,2658400,1259000,19,Aargau,1904,Bezirk Brugg
10361,5539,Vuarrens,685,2539500,1170800,22,Vaud,2205,District d'Echallens
10362,2113,Vuisternens-devant-Romont,777,2561000,1167300,10,Fribourg / Freiburg,1002,District de la Glâne
10363,158,Stäfa,414,2697000,1233000,1,Zürich,107,Bezirk Meilen
10364,1218,Spiringen,929,2698300,1192100,4,Uri,400,Kanton Uri
10365,43,Volken,405,2689300,1270000,1,Zürich,102,Bezirk Andelfingen
10366,4040,Spreitenbach,419,2669900,1252300,19,Aargau,1902,Bezirk Baden
10367,2302,St. Antoni,714,2586400,1185700,10,Fribourg / Freiburg,1006,Bezirk Sense
10368,199,Volketswil,472,2694800,1249500,1,Zürich,109,Bezirk Uster
10369,6036,Vollèges,834,2579100,1104000,23,Valais / Wallis,2303,District d'Entremont
10370,4287,Vordemwald,430,2634800,1236000,19,Aargau,1910,Bezirk Zofingen
10371,1348,Vorderthal,736,2710900,1220100,5,Schwyz,505,Bezirk March
10372,6159,Vouvry,398,2557600,1131800,23,Valais / Wallis,2308,District de Monthey
10373,2160,Vuadens,806,2568100,1163000,10,Fribourg / Freiburg,1003,District de la Gruyère
10374,1068,Vitznau,445,2679500,1207200,3,Luzern,303,Amt Luzern
10375,6292,St. Niklaus,1108,2628100,1113900,23,Valais / Wallis,2313,Bezirk Visp
10376,6251,Vissoie,1216,2611400,1118200,23,Valais / Wallis,2311,District de Sierre
10377,5692,Vucherens,734,2549100,1163700,22,Vaud,2210,District de Moudon
10378,2303,St. Silvester,847,2583300,1176700,10,Fribourg / Freiburg,1006,Bezirk Sense
10379,5503,Vufflens-la-Ville,479,2531100,1158900,22,Vaud,2204,District de Cossonay
10380,2304,St. Ursen,716,2583200,1182100,10,Fribourg / Freiburg,1006,Bezirk Sense
10381,5266,Stabio,356,2716500,1078800,21,Ticino,2106,Distretto di Mendrisio
10382,769,Wimmis,636,2615500,1169500,2,Bern / Berne,220,Amtsbezirk Niedersimmental
10383,100,Stadel,434,2677500,1264700,1,Zürich,104,Bezirk Dielsdorf
10384,2601,Solothurn,441,2606900,1228800,11,Solothurn,1109,Bezirk Solothurn
10385,5653,Vufflens-le-Château,489,2525700,1153300,22,Vaud,2209,District de Morges
10386,5937,Vugelles-La Mothe,520,2534300,1186200,22,Vaud,2219,District d'Yverdon
10387,5802,Vuibroye,635,2551500,1158000,22,Vaud,2213,District d'Oron
10388,2161,Vuippens,705,2572200,1167600,10,Fribourg / Freiburg,1003,District de la Gruyère
10389,180,Weisslingen,571,2700000,1254300,1,Zürich,108,Bezirk Pfäffikon
10390,2112,Vuarmarens,692,2553300,1166200,10,Fribourg / Freiburg,1002,District de la Glâne
10391,2100,Sommentier,903,2559600,1165300,10,Fribourg / Freiburg,1002,District de la Glâne
10392,3219,Untereggen,596,2751800,1257900,17,St. Gallen,1702,Bezirk Rorschach
10393,3218,Tübach,417,2751700,1261400,17,St. Gallen,1702,Bezirk Rorschach
10394,3217,Steinach,398,2750800,1263300,17,St. Gallen,1702,Bezirk Rorschach
10395,3216,Rorschacherberg,557,2756100,1259500,17,St. Gallen,1702,Bezirk Rorschach
10396,3215,Rorschach,397,2754800,1260700,17,St. Gallen,1702,Bezirk Rorschach
10397,3214,Mörschwil,558,2749600,1259500,17,St. Gallen,1702,Bezirk Rorschach
10398,3213,Goldach,452,2752800,1260000,17,St. Gallen,1702,Bezirk Rorschach
10399,3212,Eggersriet,826,2753400,1256600,17,St. Gallen,1702,Bezirk Rorschach
10400,3211,Berg (SG),511,2748300,1261300,17,St. Gallen,1702,Bezirk Rorschach
10401,3204,Wittenbach,602,2746300,1258700,17,St. Gallen,1701,Bezirk St. Gallen
10402,3203,St. Gallen,667,2746200,1254600,17,St. Gallen,1701,Bezirk St. Gallen
10403,3202,Muolen,493,2742000,1265100,17,St. Gallen,1701,Bezirk St. Gallen
10404,5135,Vogorno,516,2709600,1120000,21,Ticino,2104,Distretto di Locarno
10405,5322,Someo,372,2694300,1126900,21,Ticino,2108,Distretto di Vallemaggia
10406,2231,Vuisternens-en-Ogoz,794,2570600,1173000,10,Fribourg / Freiburg,1004,District de la Sarine
10407,3985,Somvix,1051,2714700,1176300,18,Graubünden / Grigioni / Grischun,1814,Bezirk Vorderrhein
10408,444,Sonceboz-Sombeval,653,2580300,1227300,2,Bern / Berne,207,District de Courtelary
10409,5129,Sonogno,929,2703700,1134100,21,Ticino,2104,Distretto di Locarno
10410,4703,Sonterswil,532,2723300,1275700,20,Thurgau,2005,Bezirk Kreuzlingen
10411,5224,Sonvico,601,2720100,1101900,21,Ticino,2105,Distretto di Lugano
10412,445,Sonvilier,805,2564000,1221000,2,Bern / Berne,207,District de Courtelary
10413,1629,Sool,633,2725300,1206800,8,Glarus,800,Kanton Glarus
10414,6639,Soral,448,2492200,1111300,25,Genève,2500,Canton de Genève
10415,5225,Sorengo,370,2715900,1095000,21,Ticino,2105,Distretto di Lugano
10416,2153,Sorens,803,2571000,1168700,10,Fribourg / Freiburg,1003,District de la Gruyère
10417,5134,Vira (Gambarogno),209,2708400,1111200,21,Ticino,2104,Distretto di Locarno
10418,5687,Sottens,756,2546700,1167400,22,Vaud,2210,District de Moudon
10419,6298,Visperterminen,1358,2635800,1123100,23,Valais / Wallis,2313,Bezirk Visp
10420,3201,Häggenschwil,570,2743400,1262100,17,St. Gallen,1701,Bezirk St. Gallen
10422,2049,Vuissens,738,2548500,1176400,10,Fribourg / Freiburg,1001,District de la Broye
10441,4618,Warth,455,2707900,1271400,20,Thurgau,2004,Bezirk Frauenfeld
10442,1220,Wassen,916,2688800,1173400,4,Uri,400,Kanton Uri
10443,70,Wasterkingen,392,2677800,1271600,1,Zürich,103,Bezirk Bülach
10444,1146,Wauwil,533,2644300,1226300,3,Luzern,305,Amt Willisau
10445,4895,Weerswilen,563,2727600,1270700,20,Thurgau,2008,Bezirk Weinfelden
10446,4262,Wegenstetten,442,2637300,1260900,19,Aargau,1909,Bezirk Rheinfelden
10447,1069,Weggis,436,2675700,1209500,3,Luzern,303,Amt Luzern
10448,102,Weiach,382,2675200,1267800,1,Zürich,104,Bezirk Dielsdorf
10449,4946,Weinfelden,428,2725700,1269800,20,Thurgau,2008,Bezirk Weinfelden
10451,69,Wallisellen,453,2687200,1252200,1,Zürich,103,Bezirk Bülach
10452,5766,Vuiteboeuf,585,2532100,1184400,22,Vaud,2212,District d'Orbe
10453,5803,Vulliens,712,2550500,1163500,22,Vaud,2213,District d'Oron
10454,5654,Vullierens,532,2526700,1158400,22,Vaud,2209,District de Morges
10455,142,Wädenswil,420,2693400,1231600,1,Zürich,106,Bezirk Horgen
10456,4873,Wagenhausen,405,2705700,1279800,20,Thurgau,2007,Bezirk Steckborn
10457,1710,Walchwil,445,2681700,1217200,9,Zug,900,Kanton Zug
10458,3036,Wald (AR),946,2754700,1253700,15,Appenzell Ausserrhoden,1503,Bezirk Vorderland
10459,120,Wald (ZH),620,2711700,1237200,1,Zürich,105,Bezirk Hinwil
10460,4704,Wäldi,587,2724500,1277300,20,Thurgau,2005,Bezirk Kreuzlingen
10461,3007,Waldstatt,811,2739500,1246700,15,Appenzell Ausserrhoden,1501,Bezirk Hinterland
10462,4261,Wallbach,287,2635000,1267700,19,Aargau,1909,Bezirk Rheinfelden
10463,2282,Wallenbuch,531,2583700,1197600,10,Fribourg / Freiburg,1005,Bezirk See / District du Lac
10465,4765,Wallenwil,575,2714400,1257100,20,Thurgau,2006,Bezirk Münchwilen
10466,3863,Jenaz,724,2773400,1200100,18,Graubünden / Grigioni / Grischun,1811,Bezirk Oberlandquart
10467,44,Waltalingen,428,2700800,1275500,1,Zürich,102,Bezirk Andelfingen
10468,4240,Waltenschwil,425,2665400,1243000,19,Aargau,1908,Bezirk Muri
10469,2585,Walterswil (SO),466,2639500,1241600,11,Solothurn,1108,Bezirk Olten
10470,3037,Walzenhausen,718,2763200,1257700,15,Appenzell Ausserrhoden,1503,Bezirk Vorderland
10471,1349,Wangen (SZ),424,2710400,1227700,5,Schwyz,505,Bezirk March
10472,2586,Wangen bei Olten,441,2632500,1243900,11,Solothurn,1108,Bezirk Olten
10480,2283,Wallenried,554,2575400,1191500,10,Fribourg / Freiburg,1005,Bezirk See / District du Lac
10481,535,Deisswil bei Münchenbuchsee,530,2601300,1209300,2,Bern / Berne,211,Amtsbezirk Fraubrunnen
10482,4612,Thundorf,547,2714800,1267200,20,Thurgau,2004,Bezirk Frauenfeld
10483,548,Ruppoldsried,489,2599000,1215200,2,Bern / Berne,211,Amtsbezirk Fraubrunnen
10484,547,Münchringen,517,2606200,1210400,2,Bern / Berne,211,Amtsbezirk Fraubrunnen
10485,546,Münchenbuchsee,555,2600900,1207800,2,Bern / Berne,211,Amtsbezirk Fraubrunnen
10486,545,Mülchi,482,2603000,1216700,2,Bern / Berne,211,Amtsbezirk Fraubrunnen
10487,544,Moosseedorf,533,2603300,1207200,2,Bern / Berne,211,Amtsbezirk Fraubrunnen
10488,543,Mattstetten,516,2605700,1208800,2,Bern / Berne,211,Amtsbezirk Fraubrunnen
10489,542,Limpach,475,2604300,1217500,2,Bern / Berne,211,Amtsbezirk Fraubrunnen
10490,541,Iffwil,562,2603100,1212500,2,Bern / Berne,211,Amtsbezirk Fraubrunnen
10491,540,Jegenstorf,523,2605100,1210800,2,Bern / Berne,211,Amtsbezirk Fraubrunnen
10492,539,Grafenried,523,2605400,1214200,2,Bern / Berne,211,Amtsbezirk Fraubrunnen
10493,538,Fraubrunnen,494,2606500,1215000,2,Bern / Berne,211,Amtsbezirk Fraubrunnen
10494,550,Scheunen,572,2601400,1213100,2,Bern / Berne,211,Amtsbezirk Fraubrunnen
10495,536,Diemerswil,600,2599200,1207500,2,Bern / Berne,211,Amtsbezirk Fraubrunnen
10496,551,Urtenen,526,2604500,1208500,2,Bern / Berne,211,Amtsbezirk Fraubrunnen
10497,534,Büren zum Hof,508,2605700,1216000,2,Bern / Berne,211,Amtsbezirk Fraubrunnen
10498,533,Bätterkinden,473,2607600,1220000,2,Bern / Berne,211,Amtsbezirk Fraubrunnen
10499,532,Bangerten,587,2600800,1211600,2,Bern / Berne,211,Amtsbezirk Fraubrunnen
10500,531,Ballmoos,566,2602600,1210000,2,Bern / Berne,211,Amtsbezirk Fraubrunnen
10501,502,Vinelz,461,2575100,1209200,2,Bern / Berne,209,Amtsbezirk Erlach
10502,501,Tschugg,484,2572400,1208400,2,Bern / Berne,209,Amtsbezirk Erlach
10503,500,Treiten,440,2578900,1206500,2,Bern / Berne,209,Amtsbezirk Erlach
10504,499,Siselen,461,2581100,1209100,2,Bern / Berne,209,Amtsbezirk Erlach
10505,498,Müntschemier,438,2577800,1205000,2,Bern / Berne,209,Amtsbezirk Erlach
10506,497,Lüscherz,436,2578200,1210600,2,Bern / Berne,209,Amtsbezirk Erlach
10507,496,Ins,478,2574600,1206200,2,Bern / Berne,209,Amtsbezirk Erlach
10508,495,Gampelen,434,2571100,1207100,2,Bern / Berne,209,Amtsbezirk Erlach
10509,494,Gals,448,2570500,1208600,2,Bern / Berne,209,Amtsbezirk Erlach
10510,537,Etzelkofen,530,2603000,1214800,2,Bern / Berne,211,Amtsbezirk Fraubrunnen
10511,571,Beatenberg,1162,2627300,1172000,2,Bern / Berne,213,Amtsbezirk Interlaken
10512,587,Matten bei Interlaken,573,2632800,1169700,2,Bern / Berne,213,Amtsbezirk Interlaken
10513,586,Lütschental,720,2639400,1165300,2,Bern / Berne,213,Amtsbezirk Interlaken
10514,585,Leissigen,578,2625600,1167000,2,Bern / Berne,213,Amtsbezirk Interlaken
10515,582,Iseltwald,578,2640200,1173300,2,Bern / Berne,213,Amtsbezirk Interlaken
10516,581,Interlaken,567,2632000,1170300,2,Bern / Berne,213,Amtsbezirk Interlaken
10517,580,Hofstetten bei Brienz,649,2648600,1178300,2,Bern / Berne,213,Amtsbezirk Interlaken
10518,579,Habkern,1068,2632500,1175100,2,Bern / Berne,213,Amtsbezirk Interlaken
10519,578,Gündlischwand,667,2636300,1164700,2,Bern / Berne,213,Amtsbezirk Interlaken
10520,577,Gsteigwiler,645,2633300,1167100,2,Bern / Berne,213,Amtsbezirk Interlaken
10521,576,Grindelwald,1042,2645700,1163900,2,Bern / Berne,213,Amtsbezirk Interlaken
10522,575,Därligen,568,2628300,1167900,2,Bern / Berne,213,Amtsbezirk Interlaken
10523,574,Brienzwiler,686,2650600,1178100,2,Bern / Berne,213,Amtsbezirk Interlaken
10524,549,Schalunen,501,2606600,1217600,2,Bern / Berne,211,Amtsbezirk Fraubrunnen
10525,572,Bönigen,569,2634900,1170600,2,Bern / Berne,213,Amtsbezirk Interlaken
10526,491,Brüttelen,452,2577900,1208000,2,Bern / Berne,209,Amtsbezirk Erlach
10527,567,Reichenbach im Kandertal,708,2619500,1163800,2,Bern / Berne,212,Amtsbezirk Frutigen
10528,566,Krattigen,704,2622100,1167900,2,Bern / Berne,212,Amtsbezirk Frutigen
10529,565,Kandersteg,1172,2618100,1149300,2,Bern / Berne,212,Amtsbezirk Frutigen
10530,564,Kandergrund,868,2617200,1155000,2,Bern / Berne,212,Amtsbezirk Frutigen
10531,563,Frutigen,789,2616000,1159700,2,Bern / Berne,212,Amtsbezirk Frutigen
10532,562,Aeschi bei Spiez,860,2619700,1167500,2,Bern / Berne,212,Amtsbezirk Frutigen
10533,561,Adelboden,1355,2609200,1149100,2,Bern / Berne,212,Amtsbezirk Frutigen
10534,557,Zuzwil (BE),561,2602600,1211100,2,Bern / Berne,211,Amtsbezirk Fraubrunnen
10535,556,Zielebach,460,2610400,1223000,2,Bern / Berne,211,Amtsbezirk Fraubrunnen
10536,555,Zauggenried,504,2607700,1213600,2,Bern / Berne,211,Amtsbezirk Fraubrunnen
10537,554,Wiler bei Utzenstorf,462,2609100,1222300,2,Bern / Berne,211,Amtsbezirk Fraubrunnen
10538,553,Wiggiswil,553,2602300,1208800,2,Bern / Berne,211,Amtsbezirk Fraubrunnen
10539,552,Utzenstorf,477,2609000,1219600,2,Bern / Berne,211,Amtsbezirk Fraubrunnen
10540,573,Brienz (BE),599,2645300,1178500,2,Bern / Berne,213,Amtsbezirk Interlaken
10541,4320,Tegerfelden,357,2663800,1268000,19,Aargau,1911,Bezirk Zurzach
10542,5501,Sullens,590,2533100,1160600,22,Vaud,2204,District de Cossonay
10543,4178,Sulz (AG),371,2649500,1265100,19,Aargau,1906,Bezirk Laufenburg
10544,1042,Sulz (LU),678,2664000,1230500,3,Luzern,302,Amt Hochdorf
10545,2044,Surpierre,620,2555800,1177200,10,Fribourg / Freiburg,1001,District de la Broye
10546,1103,Sursee,500,2650700,1224700,3,Luzern,304,Amt Sursee
10547,5930,Suscévaz,446,2534300,1179600,22,Vaud,2219,District d'Yverdon
10548,5688,Syens,595,2549500,1166300,22,Vaud,2210,District de Moudon
10549,2306,Tafers,655,2583100,1184900,10,Fribourg / Freiburg,1006,Bezirk Sense
10550,4077,Tägerig,391,2663400,1250500,19,Aargau,1903,Bezirk Bremgarten
10551,4772,Tägerschen,546,2719900,1263300,20,Thurgau,2006,Bezirk Münchwilen
10552,4696,Tägerwilen,412,2727300,1279600,20,Thurgau,2005,Bezirk Kreuzlingen
10553,5729,Tannay,409,2502800,1129400,22,Vaud,2211,District de Nyon
10554,493,Finsterhennen,444,2580300,1208200,2,Bern / Berne,209,Amtsbezirk Erlach
10555,6295,Täsch,1453,2626300,1101800,23,Valais / Wallis,2313,Bezirk Visp
10556,5929,Suchy,583,2535800,1175000,22,Vaud,2219,District d'Yverdon
10557,5130,Tegna,257,2700800,1115900,21,Ticino,2104,Distretto di Locarno
10558,5131,Tenero-Contra,221,2708800,1115300,21,Ticino,2104,Distretto di Locarno
10559,2307,Tentlingen,729,2581600,1180000,10,Fribourg / Freiburg,1006,Bezirk Sense
10560,6010,Termen,919,2645000,1131000,23,Valais / Wallis,2301,Bezirk Brig
10561,3024,Teufen (AR),844,2747100,1250700,15,Appenzell Ausserrhoden,1502,Bezirk Mittelland
10562,4145,Teufenthal (AG),449,2651300,1242200,19,Aargau,1905,Bezirk Kulm
10563,39,Thalheim an der Thur,388,2699000,1270600,1,Zürich,102,Bezirk Andelfingen
10564,3912,Malix,1121,2759800,1186700,18,Graubünden / Grigioni / Grischun,1812,Bezirk Plessur
10565,2920,Thayngen,437,2695100,1289300,14,Schaffhausen,1402,Bezirk Reiat
10566,2816,Therwil,308,2608700,1260900,13,Basel-Landschaft,1301,Bezirk Arlesheim
10567,6460,Thielle-Wavre,434,2568900,1207800,24,Neuchâtel,2404,District de Neuchâtel
10568,5689,Thierrens,786,2547800,1172700,22,Vaud,2210,District de Moudon
10569,6640,Thônex,407,2504200,1116000,25,Genève,2500,Canton de Genève
10570,5862,Tartegnin,489,2513800,1146700,22,Vaud,2216,District de Rolle
10571,1374,Steinerberg,626,2687000,1212000,5,Schwyz,506,Bezirk Schwyz
10572,590,Ringgenberg (BE),593,2635000,1172400,2,Bern / Berne,213,Amtsbezirk Interlaken
10573,6293,Stalden (VS),811,2633300,1120300,23,Valais / Wallis,2313,Bezirk Visp
10574,6294,Staldenried,1063,2634200,1119900,23,Valais / Wallis,2313,Bezirk Visp
10575,13,Stallikon,552,2679500,1242100,1,Zürich,101,Bezirk Affoltern
10576,1509,Stans,451,2670600,1201100,7,Nidwalden,700,Kanton Nidwalden
10577,1510,Stansstad,435,2668500,1203300,7,Nidwalden,700,Kanton Nidwalden
10578,2584,Starrkirch-Wil,421,2636800,1244700,11,Solothurn,1108,Bezirk Olten
10579,4210,Staufen,421,2654900,1248200,19,Aargau,1907,Bezirk Lenzburg
10580,4864,Steckborn,403,2715800,1280400,20,Thurgau,2007,Bezirk Steckborn
10581,6200,Steg,635,2623700,1129400,23,Valais / Wallis,2309,Bezirk Raron
10582,4260,Stein (AG),298,2638400,1266000,19,Aargau,1909,Bezirk Rheinfelden
10583,3005,Stein (AR),816,2743900,1248700,15,Appenzell Ausserrhoden,1501,Bezirk Hinterland
10584,3356,Stein (Toggenburg),838,2735500,1229100,17,St. Gallen,1709,Bezirk Obertoggenburg
10585,4012,Suhr,396,2648400,1246900,19,Aargau,1901,Bezirk Aarau
10586,2919,Stetten (SH),576,2691800,1288400,14,Schaffhausen,1402,Bezirk Reiat
10587,492,Erlach,434,2574000,1210300,2,Bern / Berne,209,Amtsbezirk Erlach
10588,2499,Stüsslingen,471,2640100,1249100,11,Solothurn,1105,Bezirk Gösgen
10589,4884,Strohwilen,586,2718700,1268000,20,Thurgau,2008,Bezirk Weinfelden
10590,4285,Strengelbach,436,2637100,1236500,19,Aargau,1910,Bezirk Zofingen
10591,4116,Stilli,344,2659700,1263100,19,Aargau,1904,Bezirk Brugg
10592,2964,Stein am Rhein,401,2706700,1279800,14,Schaffhausen,1405,Bezirk Stein
10593,4606,Stettfurt,474,2714200,1264800,20,Thurgau,2004,Bezirk Frauenfeld
10594,1373,Steinen,470,2689300,1211600,5,Schwyz,506,Bezirk Schwyz
10595,4041,Stetten (AG),386,2665600,1250200,19,Aargau,1902,Bezirk Baden
10596,179,Sternenberg,882,2711500,1249300,1,Zürich,108,Bezirk Pfäffikon
10597,101,Steinmaur,464,2676600,1261500,1,Zürich,104,Bezirk Dielsdorf
10598,1708,Steinhausen,430,2679300,1227900,9,Zug,900,Kanton Zug
10599,6070,Steinhaus,1268,2656900,1141500,23,Valais / Wallis,2304,Bezirk Goms
10600,5536,Sugnens,671,2541300,1167400,22,Vaud,2205,District d'Echallens
10601,358,Stettlen,562,2606500,1200900,2,Bern / Berne,203,Amtsbezirk Bern
10602,707,Saules (BE),745,2583400,1232700,2,Bern / Berne,217,District de Moutier
10603,732,Bellmund,494,2585300,1217200,2,Bern / Berne,219,Amtsbezirk Nidau
10604,731,Aegerten,432,2588600,1219000,2,Bern / Berne,219,Amtsbezirk Nidau
10605,725,Prêles,819,2576600,1216500,2,Bern / Berne,218,District de la Neuveville
10606,724,Nods,897,2572800,1218100,2,Bern / Berne,218,District de la Neuveville
10607,723,La Neuveville,436,2573800,1212600,2,Bern / Berne,218,District de la Neuveville
10608,722,Lamboing,828,2577000,1218600,2,Bern / Berne,218,District de la Neuveville
10609,721,Diesse,838,2575600,1218100,2,Bern / Berne,218,District de la Neuveville
10610,714,Vellerat,664,2594900,1240900,2,Bern / Berne,217,District de Moutier
10611,713,Tavannes,761,2581800,1230000,2,Bern / Berne,217,District de Moutier
10612,712,Souboz,865,2585200,1235900,2,Bern / Berne,217,District de Moutier
10613,711,Sorvilier,680,2589900,1232000,2,Bern / Berne,217,District de Moutier
10614,710,Sornetan,825,2583300,1235900,2,Bern / Berne,217,District de Moutier
10615,687,Corcelles (BE),649,2601200,1237100,2,Bern / Berne,217,District de Moutier
10616,708,Schelten,776,2608500,1242500,2,Bern / Berne,217,District de Moutier
10617,735,Epsach,466,2583400,1213200,2,Bern / Berne,219,Amtsbezirk Nidau
10618,706,Saicourt,750,2582500,1232500,2,Bern / Berne,217,District de Moutier
10619,704,Roches (BE),486,2595900,1239000,2,Bern / Berne,217,District de Moutier
10620,703,Reconvilier,733,2583800,1231600,2,Bern / Berne,217,District de Moutier
10621,702,Pontenet,739,2586100,1232300,2,Bern / Berne,217,District de Moutier
10622,701,Perrefitte,584,2592700,1236000,2,Bern / Berne,217,District de Moutier
10623,700,Moutier,532,2594900,1236500,2,Bern / Berne,217,District de Moutier
10624,699,Monible,859,2582000,1236200,2,Bern / Berne,217,District de Moutier
10625,697,Malleray,699,2587300,1231900,2,Bern / Berne,217,District de Moutier
10626,696,Loveresse,773,2584700,1232400,2,Bern / Berne,217,District de Moutier
10627,694,Grandval,592,2599000,1236900,2,Bern / Berne,217,District de Moutier
10628,692,Eschert,589,2597000,1236000,2,Bern / Berne,217,District de Moutier
10629,691,Crémines,610,2600100,1236900,2,Bern / Berne,217,District de Moutier
10630,588,Niederried bei Interlaken,581,2637600,1174200,2,Bern / Berne,213,Amtsbezirk Interlaken
10631,709,Seehof,751,2606200,1239300,2,Bern / Berne,217,District de Moutier
10632,748,Schwadernau,432,2590000,1219800,2,Bern / Berne,219,Amtsbezirk Nidau
10633,768,Spiez,611,2618600,1170600,2,Bern / Berne,220,Amtsbezirk Niedersimmental
10634,767,Reutigen,620,2613900,1171500,2,Bern / Berne,220,Amtsbezirk Niedersimmental
10635,766,Oberwil im Simmental,849,2599600,1167300,2,Bern / Berne,220,Amtsbezirk Niedersimmental
10636,765,Oberstocken,691,2608900,1174000,2,Bern / Berne,220,Amtsbezirk Niedersimmental
10637,764,Niederstocken,648,2610300,1173300,2,Bern / Berne,220,Amtsbezirk Niedersimmental
10638,763,Erlenbach im Simmental,723,2608700,1167800,2,Bern / Berne,220,Amtsbezirk Niedersimmental
10639,762,Diemtigen,809,2609700,1166400,2,Bern / Berne,220,Amtsbezirk Niedersimmental
10640,761,Därstetten,759,2604100,1167600,2,Bern / Berne,220,Amtsbezirk Niedersimmental
10641,755,Worben,437,2588700,1216300,2,Bern / Berne,219,Amtsbezirk Nidau
10642,754,Walperswil,466,2584000,1212100,2,Bern / Berne,219,Amtsbezirk Nidau
10643,753,Twann,433,2578600,1215900,2,Bern / Berne,219,Amtsbezirk Nidau
10644,752,Tüscherz-Alfermée,435,2581600,1218200,2,Bern / Berne,219,Amtsbezirk Nidau
10645,751,Täuffelen,489,2581900,1212900,2,Bern / Berne,219,Amtsbezirk Nidau
10646,733,Brügg,435,2588200,1219200,2,Bern / Berne,219,Amtsbezirk Nidau
10647,742,Mörigen,490,2582900,1214900,2,Bern / Berne,219,Amtsbezirk Nidau
10648,684,Châtelat,798,2581600,1235700,2,Bern / Berne,217,District de Moutier
10649,736,Hagneck,452,2580900,1211800,2,Bern / Berne,219,Amtsbezirk Nidau
10650,737,Hermrigen,464,2585200,1214500,2,Bern / Berne,219,Amtsbezirk Nidau
10651,738,Jens,458,2586600,1216300,2,Bern / Berne,219,Amtsbezirk Nidau
10652,739,Ipsach,437,2584500,1218400,2,Bern / Berne,219,Amtsbezirk Nidau
10653,750,Sutz-Lattrigen,451,2583300,1216800,2,Bern / Berne,219,Amtsbezirk Nidau
10654,741,Merzligen,466,2585800,1215100,2,Bern / Berne,219,Amtsbezirk Nidau
10655,749,Studen,434,2589300,1218400,2,Bern / Berne,219,Amtsbezirk Nidau
10656,743,Nidau,432,2584900,1219300,2,Bern / Berne,219,Amtsbezirk Nidau
10657,744,Orpund,434,2590000,1220900,2,Bern / Berne,219,Amtsbezirk Nidau
10658,745,Port,448,2586100,1218400,2,Bern / Berne,219,Amtsbezirk Nidau
10659,746,Safnern,434,2591300,1222100,2,Bern / Berne,219,Amtsbezirk Nidau
10660,747,Scheuren,431,2590800,1220300,2,Bern / Berne,219,Amtsbezirk Nidau
10661,734,Bühl,442,2585300,1213200,2,Bern / Berne,219,Amtsbezirk Nidau
10662,740,Ligerz,433,2577100,1214900,2,Bern / Berne,219,Amtsbezirk Nidau
10663,609,Häutligen,760,2612700,1189600,2,Bern / Berne,214,Amtsbezirk Konolfingen
10664,623,Rubigen,548,2608200,1194200,2,Bern / Berne,214,Amtsbezirk Konolfingen
10665,622,Oppligen,559,2612200,1185600,2,Bern / Berne,214,Amtsbezirk Konolfingen
10666,621,Oberwichtrach,534,2610500,1187900,2,Bern / Berne,214,Amtsbezirk Konolfingen
10667,620,Oberthal,836,2617900,1196100,2,Bern / Berne,214,Amtsbezirk Konolfingen
10668,619,Oberdiessbach,610,2613800,1187700,2,Bern / Berne,214,Amtsbezirk Konolfingen
10669,618,Niederwichtrach,540,2610500,1188700,2,Bern / Berne,214,Amtsbezirk Konolfingen
10670,617,Niederhünigen,696,2615200,1191800,2,Bern / Berne,214,Amtsbezirk Konolfingen
10671,616,Münsingen,539,2609400,1191500,2,Bern / Berne,214,Amtsbezirk Konolfingen
10672,615,Mirchel,668,2615900,1193800,2,Bern / Berne,214,Amtsbezirk Konolfingen
10673,614,Linden,915,2618300,1188500,2,Bern / Berne,214,Amtsbezirk Konolfingen
10674,613,Landiswil,769,2618300,1200800,2,Bern / Berne,214,Amtsbezirk Konolfingen
10675,612,Konolfingen,658,2613900,1192000,2,Bern / Berne,214,Amtsbezirk Konolfingen
10676,690,Court,666,2592400,1232100,2,Bern / Berne,217,District de Moutier
10677,610,Herbligen,578,2612800,1186400,2,Bern / Berne,214,Amtsbezirk Konolfingen
10678,626,Walkringen,709,2613800,1199500,2,Bern / Berne,214,Amtsbezirk Konolfingen
10679,608,Grosshöchstetten,748,2615200,1195100,2,Bern / Berne,214,Amtsbezirk Konolfingen
10680,607,Freimettigen,676,2614400,1190700,2,Bern / Berne,214,Amtsbezirk Konolfingen
10681,606,Brenzikofen,580,2613400,1185100,2,Bern / Berne,214,Amtsbezirk Konolfingen
10682,605,Bowil,735,2619600,1193500,2,Bern / Berne,214,Amtsbezirk Konolfingen
10683,604,Bleiken bei Oberdiessbach,810,2614800,1184800,2,Bern / Berne,214,Amtsbezirk Konolfingen
10684,603,Biglen,730,2614400,1197300,2,Bern / Berne,214,Amtsbezirk Konolfingen
10685,602,Arni,846,2617200,1198200,2,Bern / Berne,214,Amtsbezirk Konolfingen
10686,601,Aeschlen,750,2615500,1187300,2,Bern / Berne,214,Amtsbezirk Konolfingen
10687,594,Wilderswil,591,2632600,1168000,2,Bern / Berne,213,Amtsbezirk Interlaken
10688,593,Unterseen,569,2631200,1170400,2,Bern / Berne,213,Amtsbezirk Interlaken
10689,592,Schwanden bei Brienz,657,2647200,1178900,2,Bern / Berne,213,Amtsbezirk Interlaken
10690,591,Saxeten,1120,2630100,1165100,2,Bern / Berne,213,Amtsbezirk Interlaken
10691,141,Thalwil,475,2685500,1238300,1,Zürich,106,Bezirk Horgen
10692,611,Kiesen,542,2611000,1185400,2,Bern / Berne,214,Amtsbezirk Konolfingen
10693,651,Wahlen,406,2605800,1250000,2,Bern / Berne,215,Amtsbezirk Laufen
10694,683,Champoz,848,2589400,1233900,2,Bern / Berne,217,District de Moutier
10695,682,Bévilard,691,2588300,1231700,2,Bern / Berne,217,District de Moutier
10696,681,Belprahon,631,2597500,1237200,2,Bern / Berne,217,District de Moutier
10697,671,Wileroltigen,514,2584900,1202100,2,Bern / Berne,216,Amtsbezirk Laupen
10698,670,Neuenegg,529,2589700,1193800,2,Bern / Berne,216,Amtsbezirk Laupen
10699,669,Münchenwiler,511,2576200,1195800,2,Bern / Berne,216,Amtsbezirk Laupen
10700,668,Mühleberg,560,2586600,1200400,2,Bern / Berne,216,Amtsbezirk Laupen
10701,667,Laupen,488,2584800,1194600,2,Bern / Berne,216,Amtsbezirk Laupen
10702,666,Kriechenwil,536,2583900,1195600,2,Bern / Berne,216,Amtsbezirk Laupen
10703,665,Gurbrü,489,2583000,1201500,2,Bern / Berne,216,Amtsbezirk Laupen
10704,664,Golaten,541,2584900,1203900,2,Bern / Berne,216,Amtsbezirk Laupen
10705,663,Frauenkappelen,603,2592300,1200400,2,Bern / Berne,216,Amtsbezirk Laupen
10706,662,Ferenbalm,484,2582700,1198800,2,Bern / Berne,216,Amtsbezirk Laupen
10707,4284,Staffelbach,468,2645900,1237100,19,Aargau,1910,Bezirk Zofingen
10708,645,Duggingen,329,2612500,1255800,2,Bern / Berne,215,Amtsbezirk Laufen
10709,589,Oberried am Brienzersee,588,2640100,1176400,2,Bern / Berne,213,Amtsbezirk Interlaken
10710,627,Worb,582,2609500,1197600,2,Bern / Berne,214,Amtsbezirk Konolfingen
10711,628,Zäziwil,685,2616900,1194500,2,Bern / Berne,214,Amtsbezirk Konolfingen
10712,641,Blauen,527,2606100,1255500,2,Bern / Berne,215,Amtsbezirk Laufen
10713,642,Brislach,375,2607900,1251900,2,Bern / Berne,215,Amtsbezirk Laufen
10714,661,Clavaleyres,451,2573500,1194200,2,Bern / Berne,216,Amtsbezirk Laupen
10715,644,Dittingen,420,2604500,1254400,2,Bern / Berne,215,Amtsbezirk Laufen
10716,652,Zwingen,345,2606900,1253900,2,Bern / Berne,215,Amtsbezirk Laufen
10717,646,Grellingen,334,2611300,1254600,2,Bern / Berne,215,Amtsbezirk Laufen
10718,647,Laufen,347,2604700,1252200,2,Bern / Berne,215,Amtsbezirk Laufen
10719,648,Liesberg,517,2599300,1250300,2,Bern / Berne,215,Amtsbezirk Laufen
10720,649,Nenzlingen,457,2609300,1255300,2,Bern / Berne,215,Amtsbezirk Laufen
10721,650,Röschenz,451,2602800,1252600,2,Bern / Berne,215,Amtsbezirk Laufen
10722,625,Tägertschi,610,2611100,1191500,2,Bern / Berne,214,Amtsbezirk Konolfingen
10723,643,Burg im Leimental,492,2600200,1256300,2,Bern / Berne,215,Amtsbezirk Laufen
10724,2861,Sissach,377,2628100,1256900,13,Basel-Landschaft,1303,Bezirk Sissach
10725,2847,Häfelfingen,551,2632300,1251600,13,Basel-Landschaft,1303,Bezirk Sissach
10726,2885,Eptingen,561,2628800,1248400,13,Basel-Landschaft,1304,Bezirk Waldenburg
10727,2884,Diegten,469,2628100,1251500,13,Basel-Landschaft,1304,Bezirk Waldenburg
10728,2883,Bretzwil,633,2616100,1249700,13,Basel-Landschaft,1304,Bezirk Waldenburg
10729,2882,Bennwil,519,2625800,1250300,13,Basel-Landschaft,1304,Bezirk Waldenburg
10730,2881,Arboldswil,634,2621000,1251800,13,Basel-Landschaft,1304,Bezirk Waldenburg
10731,2869,Zunzgen,400,2627800,1255400,13,Basel-Landschaft,1303,Bezirk Sissach
10732,2868,Zeglingen,533,2635200,1251900,13,Basel-Landschaft,1303,Bezirk Sissach
10733,2867,Wittinsburg,571,2630400,1252900,13,Basel-Landschaft,1303,Bezirk Sissach
10734,2866,Wintersingen,431,2629100,1260400,13,Basel-Landschaft,1303,Bezirk Sissach
10735,2865,Wenslingen,566,2635600,1254400,13,Basel-Landschaft,1303,Bezirk Sissach
10736,2864,Thürnen,392,2629500,1256100,13,Basel-Landschaft,1303,Bezirk Sissach
10737,2887,Lampenberg,520,2624200,1252800,13,Basel-Landschaft,1304,Bezirk Waldenburg
10738,2862,Tecknau,438,2633500,1255600,13,Basel-Landschaft,1303,Bezirk Sissach
10739,2888,Langenbruck,714,2624800,1244300,13,Basel-Landschaft,1304,Bezirk Waldenburg
10740,2860,Rünenberg,601,2633600,1253600,13,Basel-Landschaft,1303,Bezirk Sissach
10741,2859,Rümlingen,458,2630900,1252600,13,Basel-Landschaft,1303,Bezirk Sissach
10742,2858,Rothenfluh,467,2635900,1256700,13,Basel-Landschaft,1303,Bezirk Sissach
10743,2857,Rickenbach (BL),483,2631100,1259400,13,Basel-Landschaft,1303,Bezirk Sissach
10744,2856,Ormalingen,423,2633000,1257700,13,Basel-Landschaft,1303,Bezirk Sissach
10745,2855,Oltingen,588,2637400,1253600,13,Basel-Landschaft,1303,Bezirk Sissach
10746,2854,Nusshof,545,2627600,1260100,13,Basel-Landschaft,1303,Bezirk Sissach
10747,2853,Maisprach,368,2630700,1263800,13,Basel-Landschaft,1303,Bezirk Sissach
10748,2852,Läufelfingen,569,2631600,1249500,13,Basel-Landschaft,1303,Bezirk Sissach
10749,2851,Kilchberg (BL),578,2634700,1252900,13,Basel-Landschaft,1303,Bezirk Sissach
10750,2850,Känerkinden,553,2630000,1251300,13,Basel-Landschaft,1303,Bezirk Sissach
10751,2849,Itingen,364,2626100,1257400,13,Basel-Landschaft,1303,Bezirk Sissach
10752,5732,Vich,455,2508700,1142700,22,Vaud,2211,District de Nyon
10753,2863,Tenniken,431,2628200,1254000,13,Basel-Landschaft,1303,Bezirk Sissach
10754,5463,Villars-le-Grand,471,2565900,1195100,22,Vaud,2203,District d'Avenches
10755,5233,Vico Morcote,447,2715000,1087600,21,Ticino,2105,Distretto di Lugano
10756,5234,Viganello,365,2718800,1097100,21,Ticino,2105,Distretto di Lugano
10757,3605,Villa (GR),1242,2732700,1175500,18,Graubünden / Grigioni / Grischun,1803,Bezirk Glenner
10758,342,Thunstetten,476,2623200,1229300,2,Bern / Berne,202,Amtsbezirk Aarwangen
10759,2105,Villaraboud,753,2559800,1167700,10,Fribourg / Freiburg,1002,District de la Glâne
10760,4117,Thalheim (AG),443,2650000,1254200,19,Aargau,1904,Bezirk Brugg
10761,2156,Villarbeney,730,2574700,1164200,10,Fribourg / Freiburg,1003,District de la Gruyère
10762,2107,Villargiroud,787,2566600,1172500,10,Fribourg / Freiburg,1002,District de la Glâne
10763,2108,Villariaz,759,2561800,1168300,10,Fribourg / Freiburg,1002,District de la Glâne
10764,2227,Villarlod,799,2568100,1172800,10,Fribourg / Freiburg,1004,District de la Sarine
10765,5829,Villars-Bramard,733,2558700,1174300,22,Vaud,2214,District de Payerne
10766,5570,Villars-Burquin,738,2538100,1188700,22,Vaud,2206,District de Grandson
10767,2886,Hölstein,425,2625000,1252700,13,Basel-Landschaft,1304,Bezirk Waldenburg
10768,5690,Villars-le-Comte,770,2551100,1173500,22,Vaud,2210,District de Moudon
10769,2846,Gelterkinden,400,2631400,1257100,13,Basel-Landschaft,1303,Bezirk Sissach
10770,5537,Villars-le-Terroir,643,2538800,1167600,22,Vaud,2205,District d'Echallens
10771,5502,Villars-Lussery,492,2530300,1165300,22,Vaud,2204,District de Cossonay
10772,5691,Villars-Mendraz,773,2545700,1166500,22,Vaud,2210,District de Moudon
10773,5651,Villars-Sainte-Croix,508,2532800,1157800,22,Vaud,2209,District de Morges
10774,5936,Villars-sous-Champvent,461,2534700,1182000,22,Vaud,2219,District d'Yverdon
10775,2158,Villars-sous-Mont,756,2571600,1154300,10,Fribourg / Freiburg,1003,District de la Gruyère
10776,2895,Waldenburg,555,2623200,1247900,13,Basel-Landschaft,1304,Bezirk Waldenburg
10777,2894,Titterten,667,2621000,1250200,13,Basel-Landschaft,1304,Bezirk Waldenburg
10778,2893,Reigoldswil,509,2619100,1249600,13,Basel-Landschaft,1304,Bezirk Waldenburg
10779,2892,Oberdorf (BL),496,2623500,1249200,13,Basel-Landschaft,1304,Bezirk Waldenburg
10780,2891,Niederdorf,480,2623600,1250700,13,Basel-Landschaft,1304,Bezirk Waldenburg
10781,2890,Liedertswil,630,2621100,1249000,13,Basel-Landschaft,1304,Bezirk Waldenburg
10782,2889,Lauwil,636,2617900,1248800,13,Basel-Landschaft,1304,Bezirk Waldenburg
10783,5935,Villars-Epeney,551,2543300,1181400,22,Vaud,2219,District d'Yverdon
10784,3941,Haldenstein,572,2759100,1194100,18,Graubünden / Grigioni / Grischun,1813,Bezirk Unterlandquart
10785,2848,Hemmiken,490,2634200,1259800,13,Basel-Landschaft,1303,Bezirk Sissach
10786,3971,Fanas,885,2769400,1206100,18,Graubünden / Grigioni / Grischun,1813,Bezirk Unterlandquart
10787,3962,Schiers,661,2771300,1204500,18,Graubünden / Grigioni / Grischun,1813,Bezirk Unterlandquart
10788,3961,Grüsch,634,2768000,1205700,18,Graubünden / Grigioni / Grischun,1813,Bezirk Unterlandquart
10789,3954,Malans,580,2762700,1205700,18,Graubünden / Grigioni / Grischun,1813,Bezirk Unterlandquart
10790,3953,Maienfeld,518,2759100,1208400,18,Graubünden / Grigioni / Grischun,1813,Bezirk Unterlandquart
10791,3952,Jenins,639,2761000,1207800,18,Graubünden / Grigioni / Grischun,1813,Bezirk Unterlandquart
10792,3951,Fläsch,526,2757700,1210400,18,Graubünden / Grigioni / Grischun,1813,Bezirk Unterlandquart
10793,3947,Zizers,551,2761800,1200400,18,Graubünden / Grigioni / Grischun,1813,Bezirk Unterlandquart
10794,3946,Untervaz,563,2759600,1199600,18,Graubünden / Grigioni / Grischun,1813,Bezirk Unterlandquart
10795,3945,Trimmis,629,2762000,1196300,18,Graubünden / Grigioni / Grischun,1813,Bezirk Unterlandquart
10796,3944,Says,1093,2763300,1197300,18,Graubünden / Grigioni / Grischun,1813,Bezirk Unterlandquart
10797,3981,Breil/Brigels,1023,2722900,1179700,18,Graubünden / Grigioni / Grischun,1814,Bezirk Vorderrhein
10798,3942,Igis,521,2761300,1203600,18,Graubünden / Grigioni / Grischun,1813,Bezirk Unterlandquart
10799,3983,Medel (Lucmagn),1341,2708700,1170100,18,Graubünden / Grigioni / Grischun,1814,Bezirk Vorderrhein
10800,3930,St. Peter,1279,2768700,1189300,18,Graubünden / Grigioni / Grischun,1812,Bezirk Plessur
10801,3929,Peist,1339,2770500,1189300,18,Graubünden / Grigioni / Grischun,1812,Bezirk Plessur
10802,3928,Pagig,1327,2767700,1189700,18,Graubünden / Grigioni / Grischun,1812,Bezirk Plessur
10803,3927,Molinis,1059,2769100,1188600,18,Graubünden / Grigioni / Grischun,1812,Bezirk Plessur
10804,3926,Maladers,1013,2761800,1189500,18,Graubünden / Grigioni / Grischun,1812,Bezirk Plessur
10805,3925,Lüen,988,2765700,1189100,18,Graubünden / Grigioni / Grischun,1812,Bezirk Plessur
10806,3924,Langwies,1379,2773400,1188000,18,Graubünden / Grigioni / Grischun,1812,Bezirk Plessur
10807,3923,Castiel,1175,2765200,1189900,18,Graubünden / Grigioni / Grischun,1812,Bezirk Plessur
10808,3922,Calfreisen,1259,2764500,1190100,18,Graubünden / Grigioni / Grischun,1812,Bezirk Plessur
10809,3921,Arosa,1795,2770800,1183200,18,Graubünden / Grigioni / Grischun,1812,Bezirk Plessur
10810,3915,Tschiertschen,1345,2765400,1187400,18,Graubünden / Grigioni / Grischun,1812,Bezirk Plessur
10811,3914,Praden,1165,2763500,1188200,18,Graubünden / Grigioni / Grischun,1812,Bezirk Plessur
10812,3913,Parpan,1493,2761900,1181000,18,Graubünden / Grigioni / Grischun,1812,Bezirk Plessur
10813,3943,Mastrils,689,2760100,1204000,18,Graubünden / Grigioni / Grischun,1813,Bezirk Unterlandquart
10814,2825,Füllinsdorf,325,2621900,1261700,13,Basel-Landschaft,1302,Bezirk Liestal
10815,2845,Diepflingen,410,2630100,1255100,13,Basel-Landschaft,1303,Bezirk Sissach
10816,2844,Buus,439,2632100,1261700,13,Basel-Landschaft,1303,Bezirk Sissach
10817,2843,Buckten,484,2630700,1251100,13,Basel-Landschaft,1303,Bezirk Sissach
10818,2842,Böckten,386,2629900,1257000,13,Basel-Landschaft,1303,Bezirk Sissach
10819,2841,Anwil,594,2637900,1255700,13,Basel-Landschaft,1303,Bezirk Sissach
10820,2834,Ziefen,421,2620300,1253400,13,Basel-Landschaft,1302,Bezirk Liestal
10821,2833,Seltisberg,495,2621000,1256600,13,Basel-Landschaft,1302,Bezirk Liestal
10822,2832,Ramlinsburg,482,2624500,1255400,13,Basel-Landschaft,1302,Bezirk Liestal
10823,2831,Pratteln,289,2619300,1263400,13,Basel-Landschaft,1302,Bezirk Liestal
10824,2830,Lupsingen,433,2619300,1255100,13,Basel-Landschaft,1302,Bezirk Liestal
10825,2829,Liestal,323,2622300,1259400,13,Basel-Landschaft,1302,Bezirk Liestal
10826,2828,Lausen,333,2624200,1258000,13,Basel-Landschaft,1302,Bezirk Liestal
10827,3973,Valzeina,1119,2764700,1202200,18,Graubünden / Grigioni / Grischun,1813,Bezirk Unterlandquart
10828,2826,Giebenach,325,2623100,1263600,13,Basel-Landschaft,1302,Bezirk Liestal
10829,5235,Villa Luganese,595,2720300,1101400,21,Ticino,2105,Distretto di Lugano
10830,2824,Frenkendorf,327,2620900,1261400,13,Basel-Landschaft,1302,Bezirk Liestal
10831,2823,Bubendorf,374,2622500,1255300,13,Basel-Landschaft,1302,Bezirk Liestal
10832,2822,Augst,267,2621000,1265000,13,Basel-Landschaft,1302,Bezirk Liestal
10833,2821,Arisdorf,354,2624600,1262300,13,Basel-Landschaft,1302,Bezirk Liestal
10834,3111,Oberegg,872,2759400,1254600,16,Appenzell Innerrhoden,1602,Aeusserer Landesteil
10835,3105,Schwende,835,2751000,1240800,16,Appenzell Innerrhoden,1601,Innerer Landesteil
10836,3104,Schlatt-Haslen,749,2745700,1248300,16,Appenzell Innerrhoden,1601,Innerer Landesteil
10837,3103,Rüte,798,2750500,1243000,16,Appenzell Innerrhoden,1601,Innerer Landesteil
10838,3102,Gonten,924,2744700,1243700,16,Appenzell Innerrhoden,1601,Innerer Landesteil
10839,3101,Appenzell,778,2749000,1244100,16,Appenzell Innerrhoden,1601,Innerer Landesteil
10840,3987,Trun,861,2718300,1178000,18,Graubünden / Grigioni / Grischun,1814,Bezirk Vorderrhein
10841,5652,Villars-sous-Yens,481,2522600,1151500,22,Vaud,2209,District de Morges
10842,3984,Schlans,1160,2720500,1179200,18,Graubünden / Grigioni / Grischun,1814,Bezirk Vorderrhein
10843,2827,Hersberg,515,2626000,1260200,13,Basel-Landschaft,1302,Bezirk Liestal
10844,1709,Unterägeri,726,2686900,1221300,9,Zug,900,Kanton Zug
10845,42,Unterstammheim,444,2701600,1277400,1,Zürich,102,Bezirk Andelfingen
10846,6114,Turtmann,628,2620400,1127700,23,Valais / Wallis,2306,Bezirk Leuk
10847,1067,Udligenswil,616,2673100,1215900,3,Luzern,303,Amt Luzern
10848,2308,Ueberstorf,652,2590300,1190400,10,Fribourg / Freiburg,1006,Bezirk Sense
10849,4179,Ueken,394,2646000,1259500,19,Aargau,1906,Bezirk Laufenburg
10850,4286,Uerkheim,452,2644300,1239700,19,Aargau,1910,Bezirk Zofingen
10851,4823,Uerschhausen,469,2703600,1273800,20,Thurgau,2007,Bezirk Steckborn
10852,4617,Uesslingen,391,2704800,1270900,20,Thurgau,2004,Bezirk Frauenfeld
10853,4078,Uezwil,531,2663300,1240900,19,Aargau,1903,Bezirk Bremgarten
10854,1144,Uffikon,527,2643800,1229200,3,Luzern,305,Amt Willisau
10855,1145,Ufhusen,705,2634800,1218600,3,Luzern,305,Amt Willisau
10856,2278,Ulmiz,500,2581900,1197900,10,Fribourg / Freiburg,1005,Bezirk See / District du Lac
10857,228,Turbenthal,550,2706100,1255000,1,Zürich,110,Bezirk Winterthur
10858,4118,Umiken,355,2656600,1259300,19,Aargau,1904,Bezirk Brugg
10859,1347,Tuggen,408,2714000,1229100,5,Schwyz,505,Bezirk March
10860,6201,Unterbäch,1221,2627800,1126000,23,Valais / Wallis,2309,Bezirk Raron
10861,4119,Unterbözberg,510,2654100,1259400,19,Aargau,1904,Bezirk Brugg
10862,4043,Unterehrendingen,446,2668700,1261600,19,Aargau,1902,Bezirk Baden
10863,4321,Unterendingen,384,2664100,1266700,19,Aargau,1911,Bezirk Zurzach
10864,5232,Vezio,777,2711700,1100300,21,Ticino,2105,Distretto di Lugano
10865,1375,Unteriberg,924,2703600,1212900,5,Schwyz,506,Bezirk Schwyz
10866,4146,Unterkulm,466,2651200,1240100,19,Aargau,1905,Bezirk Kulm
10867,4079,Unterlunkhofen,403,2671300,1241600,19,Aargau,1903,Bezirk Bremgarten
10868,2463,Unterramsern,474,2603400,1218700,11,Solothurn,1103,Bezirk Bucheggberg
10869,1219,Unterschächen,994,2701500,1191100,4,Uri,400,Kanton Uri
10870,4534,Unterschlatt,416,2695000,1279700,20,Thurgau,2003,Bezirk Diessenhofen
10871,4044,Untersiggenthal,374,2661500,1261600,19,Aargau,1902,Bezirk Baden
10872,6071,Ulrichen,1344,2666500,1151000,23,Valais / Wallis,2304,Bezirk Goms
10873,5828,Treytorrens (Payerne),663,2551300,1180200,22,Vaud,2214,District de Payerne
10874,3541,Tinizong,1241,2767000,1161300,18,Graubünden / Grigioni / Grischun,1801,Bezirk Albula
10875,4773,Tobel,520,2720100,1264000,20,Thurgau,2006,Bezirk Münchwilen
10876,5649,Tolochenaz,418,2526000,1150900,22,Vaud,2209,District de Morges
10877,6296,Törbel,1534,2631800,1120800,23,Valais / Wallis,2313,Bezirk Visp
10878,2101,Torny-le-Grand,678,2563900,1180000,10,Fribourg / Freiburg,1002,District de la Glâne
10879,5047,Torre,780,2716300,1149600,21,Ticino,2102,Distretto di Blenio
10880,5227,Torricella-Taverne,343,2715500,1102600,21,Ticino,2105,Distretto di Lugano
10881,446,Tramelan,899,2574500,1230300,2,Bern / Berne,207,District de Courtelary
10882,2973,Trasadingen,404,2674600,1280200,14,Schaffhausen,1406,Bezirk Unterklettgau
10883,6510,Travers,738,2541800,1199100,24,Neuchâtel,2406,District du Val-de-Travers
10884,5730,Trélex,508,2505100,1141200,22,Vaud,2211,District de Nyon
10885,5267,Tremona,572,2717900,1082200,21,Ticino,2106,Distretto di Mendrisio
10886,4042,Turgi,343,2661200,1260500,19,Aargau,1902,Bezirk Baden
10887,5931,Treycovagnes,455,2536600,1180600,22,Vaud,2219,District d'Yverdon
10888,4013,Unterentfelden,418,2645700,1246400,19,Aargau,1901,Bezirk Aarau
10889,2226,Treyvaux,770,2577000,1175100,10,Fribourg / Freiburg,1004,District de la Sarine
10890,1104,Triengen,516,2648400,1231700,3,Luzern,304,Amt Sursee
10891,6142,Trient,1298,2565700,1100600,23,Valais / Wallis,2307,District de Martigny
10894,2500,Trimbach,410,2635000,1245900,11,Solothurn,1105,Bezirk Gösgen
10895,3025,Trogen,900,2752900,1252800,15,Appenzell Ausserrhoden,1502,Bezirk Mittelland
10896,6641,Troinex,429,2500400,1113000,25,Genève,2500,Canton de Genève
10897,6156,Troistorrents,749,2559800,1119800,23,Valais / Wallis,2308,District de Monthey
10898,40,Trüllikon,434,2694300,1277100,1,Zürich,102,Bezirk Andelfingen
10899,41,Truttikon,465,2696800,1276200,1,Zürich,102,Bezirk Andelfingen
10900,2462,Tscheppach,552,2603100,1221700,11,Solothurn,1103,Bezirk Bucheggberg
10901,5827,Trey,575,2560800,1179900,22,Vaud,2214,District de Payerne
10902,6645,Veyrier,425,2503200,1113600,25,Genève,2500,Canton de Genève
10903,5891,Veytaux,409,2560700,1141100,22,Vaud,2218,District de Vevey
10904,447,Vauffelin,706,2589600,1226300,2,Bern / Berne,207,District de Courtelary
10905,5569,Vaugondry,737,2538800,1188700,22,Vaud,2206,District de Grandson
10906,2155,Vaulruz,815,2565600,1163400,10,Fribourg / Freiburg,1003,District de la Gruyère
10907,6267,Veysonnaz,1239,2592200,1116100,23,Valais / Wallis,2312,District de Sion
10908,6115,Unterems,1000,2619800,1126800,23,Valais / Wallis,2306,Bezirk Leuk
10909,5650,Vaux-sur-Morges,503,2525200,1154300,22,Vaud,2209,District de Morges
10910,359,Vechigen,606,2609300,1199400,2,Bern / Berne,203,Amtsbezirk Bern
10911,4120,Veltheim (AG),370,2653500,1254300,19,Aargau,1904,Bezirk Brugg
10912,6249,Venthône,812,2607000,1128400,23,Valais / Wallis,2311,District de Sierre
10913,2103,Vauderens,745,2554900,1163700,10,Fribourg / Freiburg,1002,District de la Glâne
10914,6088,Vernamiège,1278,2599500,1117600,23,Valais / Wallis,2305,District d'Hérens
10915,5765,Vaulion,932,2519800,1171400,22,Vaud,2212,District d'Orbe
10916,5230,Vernate,567,2712100,1094700,21,Ticino,2105,Distretto di Lugano
10917,6219,Vernayaz,452,2569300,1109300,23,Valais / Wallis,2310,District de Saint-Maurice
10918,6643,Vernier,431,2495700,1119100,25,Genève,2500,Canton de Genève
10919,6220,Vérossaz,867,2564900,1117900,23,Valais / Wallis,2310,District de Saint-Maurice
10920,5133,Verscio,275,2699800,1115800,21,Ticino,2104,Distretto di Locarno
10921,6644,Versoix,400,2501500,1126500,25,Genève,2500,Canton de Genève
10922,2046,Vesin,503,2556900,1184300,10,Fribourg / Freiburg,1001,District de la Broye
10923,6025,Vétroz,489,2587900,1119400,23,Valais / Wallis,2302,District de Conthey
10924,5890,Vevey,382,2554400,1145700,22,Vaud,2218,District de Vevey
10925,6089,Vex,954,2596800,1117800,23,Valais / Wallis,2305,District d'Hérens
10926,6250,Veyras,643,2607600,1127900,23,Valais / Wallis,2311,District de Sierre
10927,5132,Vergeletto,927,2689800,1120200,21,Ticino,2104,Distretto di Locarno
10928,5934,Valeyres-sous-Ursins,552,2540100,1177500,22,Vaud,2219,District d'Yverdon
10929,4451,Uttwil,418,2743100,1272000,20,Thurgau,2001,Bezirk Arbon
10930,5268,Vacallo,361,2724000,1078600,21,Ticino,2106,Distretto di Mendrisio
10932,5228,Vaglio,546,2717500,1102200,21,Ticino,2105,Distretto di Lugano
10933,6157,Val-d'Illiez,939,2557900,1117200,23,Valais / Wallis,2308,District de Monthey
10934,6485,Valangin,650,2559500,1207300,24,Neuchâtel,2405,District du Val-de-Ruz
10935,2102,Ursy,704,2553700,1165000,10,Fribourg / Freiburg,1002,District de la Glâne
10936,5229,Valcolla,988,2724400,1105800,21,Ticino,2105,Distretto di Lugano
10937,5932,Ursins,642,2541100,1176300,22,Vaud,2219,District d'Yverdon
10938,6116,Varen,764,2613000,1129700,23,Valais / Wallis,2306,Bezirk Leuk
10939,5933,Valeyres-sous-Montagny,468,2536700,1183400,22,Vaud,2219,District d'Yverdon
10940,198,Uster,462,2696700,1245000,1,Zürich,109,Bezirk Uster
10941,5763,Valeyres-sous-Rances,511,2530200,1178400,22,Vaud,2212,District d'Orbe
10942,6642,Vandoeuvres,460,2504600,1119600,25,Genève,2500,Canton de Genève
10943,5231,Vezia,373,2716100,1097900,21,Ticino,2105,Distretto di Lugano
10944,2045,Vallon,478,2563100,1192700,10,Fribourg / Freiburg,1001,District de la Broye
10945,344,Ursenbach,582,2625300,1220700,2,Bern / Berne,202,Amtsbezirk Aarwangen
10946,3006,Urnäsch,823,2739600,1242400,15,Appenzell Ausserrhoden,1501,Bezirk Hinterland
10947,5462,Vallamand,514,2569600,1197900,22,Vaud,2203,District d'Avenches
10948,343,Untersteckholz,494,2630600,1228800,2,Bern / Berne,202,Amtsbezirk Aarwangen
10949,5764,Vallorbe,748,2519000,1173900,22,Vaud,2212,District d'Orbe
10950,520,Montfavergier,805,2573700,1239800,2,Bern / Berne,210,District des Franches-Montagnes
10951,806,Bressaucourt,532,2569700,1248600,2,Bern / Berne,223,District de Porrentruy
10952,483,Vicques,456,2598200,1244200,2,Bern / Berne,208,District de Delémont
10953,511,Le Bémont (BE),977,2567900,1234900,2,Bern / Berne,210,District des Franches-Montagnes
10954,512,Les Bois,1029,2559600,1225200,2,Bern / Berne,210,District des Franches-Montagnes
10955,513,Les Breuleux,1035,2567100,1229100,2,Bern / Berne,210,District des Franches-Montagnes
10956,514,La Chaux-des-Breuleux,1014,2568900,1230300,2,Bern / Berne,210,District des Franches-Montagnes
10957,515,Les Enfers,954,2570200,1237500,2,Bern / Berne,210,District des Franches-Montagnes
10958,516,Epauvillers,698,2575500,1242700,2,Bern / Berne,210,District des Franches-Montagnes
10959,517,Epiquerez,885,2571100,1242000,2,Bern / Berne,210,District des Franches-Montagnes
10960,693,Les Genevez (BE),1031,2576600,1234000,2,Bern / Berne,217,District de Moutier
10961,518,Goumois,493,2563200,1234600,2,Bern / Berne,210,District des Franches-Montagnes
10962,481,Undervelier,534,2583800,1239200,2,Bern / Berne,208,District de Delémont
10963,519,Montfaucon,988,2570800,1236900,2,Bern / Berne,210,District des Franches-Montagnes
10964,480,Soyhières,406,2594800,1249100,2,Bern / Berne,208,District de Delémont
10965,521,Muriaux,947,2565200,1232900,2,Bern / Berne,210,District des Franches-Montagnes
10966,522,Le Noirmont,970,2563500,1230500,2,Bern / Berne,210,District des Franches-Montagnes
10967,523,Le Peuchapatte,1134,2564100,1227500,2,Bern / Berne,210,District des Franches-Montagnes
10968,524,Les Pommerats,902,2565800,1235700,2,Bern / Berne,210,District des Franches-Montagnes
10969,525,Saignelégier,978,2566500,1234000,2,Bern / Berne,210,District des Franches-Montagnes
10970,526,Saint-Brais,966,2575400,1239500,2,Bern / Berne,210,District des Franches-Montagnes
10971,527,Soubey,481,2570500,1239800,2,Bern / Berne,210,District des Franches-Montagnes
10972,801,Alle,448,2576800,1252800,2,Bern / Berne,223,District de Porrentruy
10973,802,Asuel,593,2582900,1250000,2,Bern / Berne,223,District de Porrentruy
10974,803,Beurnevésin,428,2577300,1260300,2,Bern / Berne,223,District de Porrentruy
10975,804,Boncourt,383,2568200,1260700,2,Bern / Berne,223,District de Porrentruy
10976,993,Wangenried,464,2616500,1229800,2,Bern / Berne,230,Amtsbezirk Wangen
10977,695,Lajoux (BE),959,2577200,1236500,2,Bern / Berne,217,District de Moutier
10978,467,Delémont,412,2593000,1245900,2,Bern / Berne,208,District de Delémont
10979,781,Gadmen,1204,2669900,1176800,2,Bern / Berne,221,Amtsbezirk Oberhasli
10980,995,Wiedlisbach,467,2615800,1233500,2,Bern / Berne,230,Amtsbezirk Wangen
10981,996,Wolfisberg,672,2616900,1235800,2,Bern / Berne,230,Amtsbezirk Wangen
10982,461,Bassecourt,476,2585400,1243000,2,Bern / Berne,208,District de Delémont
10983,462,Boécourt,521,2583100,1244300,2,Bern / Berne,208,District de Delémont
10984,463,Bourrignon,772,2585400,1249600,2,Bern / Berne,208,District de Delémont
10985,685,Châtillon (BE),530,2592800,1241800,2,Bern / Berne,217,District de Moutier
10986,686,Corban,521,2602900,1244000,2,Bern / Berne,217,District de Moutier
10987,688,Courchapoix,492,2601300,1244200,2,Bern / Berne,217,District de Moutier
10988,464,Courfaivre,455,2588400,1242700,2,Bern / Berne,208,District de Delémont
10989,689,Courrendlin,438,2595100,1243100,2,Bern / Berne,217,District de Moutier
10990,482,Vermes,565,2602800,1242000,2,Bern / Berne,208,District de Delémont
10991,466,Courtételle,443,2590900,1243300,2,Bern / Berne,208,District de Delémont
10992,807,Buix,384,2569300,1258900,2,Bern / Berne,223,District de Porrentruy
10993,468,Develier,471,2589100,1245000,2,Bern / Berne,208,District de Delémont
10994,469,Ederswiler,554,2592200,1252800,2,Bern / Berne,208,District de Delémont
10995,470,Glovelier,511,2582200,1242600,2,Bern / Berne,208,District de Delémont
10996,698,Mervelier,558,2604800,1243600,2,Bern / Berne,217,District de Moutier
10997,471,Mettemberg,656,2591200,1249700,2,Bern / Berne,208,District de Delémont
10998,472,Montsevelier,570,2605300,1245500,2,Bern / Berne,208,District de Delémont
10999,473,Movelier,692,2590800,1251000,2,Bern / Berne,208,District de Delémont
11000,474,Pleigne,809,2588800,1250700,2,Bern / Berne,208,District de Delémont
11001,475,Rebeuvelier,664,2598300,1241500,2,Bern / Berne,208,District de Delémont
11002,705,Rossemaison,451,2592700,1243900,2,Bern / Berne,217,District de Moutier
11003,478,Saulcy,910,2578500,1239000,2,Bern / Berne,208,District de Delémont
11004,479,Soulce,601,2587300,1239200,2,Bern / Berne,208,District de Delémont
11005,465,Courroux,417,2595200,1245600,2,Bern / Berne,208,District de Delémont
11006,2425,Holderbank (SO),665,2624000,1242500,11,Solothurn,1102,Bezirk Balsthal-Tal
11007,805,Bonfol,432,2578500,1258500,2,Bern / Berne,223,District de Porrentruy
11008,2401,Egerkingen,443,2626800,1241300,11,Solothurn,1101,Bezirk Balsthal-Gäu
11009,2402,Härkingen,432,2628700,1239900,11,Solothurn,1101,Bezirk Balsthal-Gäu
11010,2403,Kestenholz,452,2623900,1236800,11,Solothurn,1101,Bezirk Balsthal-Gäu
11011,2404,Neuendorf,437,2627000,1239200,11,Solothurn,1101,Bezirk Balsthal-Gäu
11012,2405,Niederbuchsiten,442,2625200,1238500,11,Solothurn,1101,Bezirk Balsthal-Gäu
11013,2406,Oberbuchsiten,457,2624800,1239900,11,Solothurn,1101,Bezirk Balsthal-Gäu
11014,2407,Oensingen,468,2621100,1237800,11,Solothurn,1101,Bezirk Balsthal-Gäu
11015,2408,Wolfwil,428,2627200,1235500,11,Solothurn,1101,Bezirk Balsthal-Gäu
11016,2421,Aedermannsdorf,537,2612900,1239400,11,Solothurn,1102,Bezirk Balsthal-Tal
11017,2422,Balsthal,491,2619300,1240600,11,Solothurn,1102,Bezirk Balsthal-Tal
11018,835,Seleute,648,2575400,1246200,2,Bern / Berne,223,District de Porrentruy
11019,2424,Herbetswil,525,2611600,1238400,11,Solothurn,1102,Bezirk Balsthal-Tal
11020,834,Saint-Ursanne,436,2578600,1246100,2,Bern / Berne,223,District de Porrentruy
11021,2426,Laupersdorf,504,2616000,1240400,11,Solothurn,1102,Bezirk Balsthal-Tal
11022,2427,Matzendorf,508,2614400,1239600,11,Solothurn,1102,Bezirk Balsthal-Tal
11023,2428,Mümliswil-Ramiswil,556,2619900,1243400,11,Solothurn,1102,Bezirk Balsthal-Tal
11024,2429,Welschenrohr,686,2606800,1236700,11,Solothurn,1102,Bezirk Balsthal-Tal
11025,2511,Aeschi (SO),492,2617000,1225500,11,Solothurn,1106,Bezirk Kriegstetten
11026,2512,Ammannsegg,492,2607200,1224800,11,Solothurn,1106,Bezirk Kriegstetten
11027,2513,Biberist,457,2609100,1225700,11,Solothurn,1106,Bezirk Kriegstetten
11028,2514,Bolken,488,2617000,1226700,11,Solothurn,1106,Bezirk Kriegstetten
11029,2515,Burgäschi,475,2617600,1224700,11,Solothurn,1106,Bezirk Kriegstetten
11030,2516,Deitingen,429,2613800,1229300,11,Solothurn,1106,Bezirk Kriegstetten
11031,2517,Derendingen,438,2611200,1227200,11,Solothurn,1106,Bezirk Kriegstetten
11032,2518,Etziken,485,2615800,1226200,11,Solothurn,1106,Bezirk Kriegstetten
11033,2423,Gänsbrunnen,744,2602200,1234500,11,Solothurn,1102,Bezirk Balsthal-Tal
11034,821,Fregiécourt,525,2581800,1251300,2,Bern / Berne,223,District de Porrentruy
11035,808,Bure,583,2567400,1254600,2,Bern / Berne,223,District de Porrentruy
11036,809,Charmoille,522,2582600,1252500,2,Bern / Berne,223,District de Porrentruy
11037,810,Chevenez,503,2567000,1249000,2,Bern / Berne,223,District de Porrentruy
11038,811,Coeuve,433,2574300,1255900,2,Bern / Berne,223,District de Porrentruy
11039,812,Cornol,519,2579300,1250600,2,Bern / Berne,223,District de Porrentruy
11040,813,Courchavon,404,2571200,1254400,2,Bern / Berne,223,District de Porrentruy
11041,814,Courgenay,494,2576400,1250300,2,Bern / Berne,223,District de Porrentruy
11042,815,Courtedoux,468,2570100,1251000,2,Bern / Berne,223,District de Porrentruy
11043,816,Courtemaîche,398,2570500,1256600,2,Bern / Berne,223,District de Porrentruy
11044,817,Damphreux,418,2574700,1258400,2,Bern / Berne,223,District de Porrentruy
11045,818,Damvant,610,2559100,1247000,2,Bern / Berne,223,District de Porrentruy
11046,836,Vendlincourt,440,2578200,1255600,2,Bern / Berne,223,District de Porrentruy
11047,820,Fontenais,457,2573000,1250300,2,Bern / Berne,223,District de Porrentruy
11048,992,Wangen an der Aare,419,2616400,1231500,2,Bern / Berne,230,Amtsbezirk Wangen
11049,822,Grandfontaine,546,2562300,1249100,2,Bern / Berne,223,District de Porrentruy
11050,823,Lugnez,410,2574300,1259300,2,Bern / Berne,223,District de Porrentruy
11051,824,Miécourt,479,2580100,1253000,2,Bern / Berne,223,District de Porrentruy
11052,825,Montenol,691,2578200,1244600,2,Bern / Berne,223,District de Porrentruy
11053,826,Montignez,424,2571400,1259600,2,Bern / Berne,223,District de Porrentruy
11054,827,Montmelon,598,2580600,1244900,2,Bern / Berne,223,District de Porrentruy
11055,828,Ocourt,427,2572800,1244600,2,Bern / Berne,223,District de Porrentruy
11056,829,Pleujouse,561,2582900,1251200,2,Bern / Berne,223,District de Porrentruy
11057,830,Porrentruy,424,2572800,1251800,2,Bern / Berne,223,District de Porrentruy
11058,831,Réclère,590,2561100,1247300,2,Bern / Berne,223,District de Porrentruy
11059,832,Roche-d'Or,830,2563400,1246400,2,Bern / Berne,223,District de Porrentruy
11060,833,Rocourt,507,2563600,1248900,2,Bern / Berne,223,District de Porrentruy
11061,819,Fahy,566,2563300,1252000,2,Bern / Berne,223,District de Porrentruy
11062,886,Wattenwil,596,2605400,1179900,2,Bern / Berne,226,Amtsbezirk Seftigen
11063,923,Buchholterberg,960,2619600,1185900,2,Bern / Berne,228,Amtsbezirk Thun
11064,874,Lohnstorf,570,2605500,1184000,2,Bern / Berne,226,Amtsbezirk Seftigen
11065,875,Mühledorf (BE),604,2607600,1186500,2,Bern / Berne,226,Amtsbezirk Seftigen
11066,876,Mühlethurnen,566,2605300,1184700,2,Bern / Berne,226,Amtsbezirk Seftigen
11067,877,Niedermuhlern,829,2602100,1190000,2,Bern / Berne,226,Amtsbezirk Seftigen
11068,878,Noflen,621,2608100,1184000,2,Bern / Berne,226,Amtsbezirk Seftigen
11069,879,Riggisberg,763,2603000,1184300,2,Bern / Berne,226,Amtsbezirk Seftigen
11070,880,Rüeggisberg,928,2600100,1185600,2,Bern / Berne,226,Amtsbezirk Seftigen
11071,881,Rümligen,614,2604500,1186600,2,Bern / Berne,226,Amtsbezirk Seftigen
11072,882,Rüti bei Riggisberg,822,2600900,1181100,2,Bern / Berne,226,Amtsbezirk Seftigen
11073,883,Seftigen,587,2607700,1181900,2,Bern / Berne,226,Amtsbezirk Seftigen
11074,872,Kirchdorf (BE),608,2608500,1185500,2,Bern / Berne,226,Amtsbezirk Seftigen
11075,885,Uttigen,541,2610400,1182600,2,Bern / Berne,226,Amtsbezirk Seftigen
11076,871,Kienersrüti,579,2609400,1182900,2,Bern / Berne,226,Amtsbezirk Seftigen
11077,887,Zimmerwald,842,2602500,1192300,2,Bern / Berne,226,Amtsbezirk Seftigen
11078,901,Eggiwil,740,2627300,1191600,2,Bern / Berne,227,Amtsbezirk Signau
11079,902,Langnau im Emmental,677,2626400,1198900,2,Bern / Berne,227,Amtsbezirk Signau
11080,903,Lauperswil,627,2623300,1202100,2,Bern / Berne,227,Amtsbezirk Signau
11081,904,Röthenbach im Emmental,826,2623100,1189300,2,Bern / Berne,227,Amtsbezirk Signau
11082,905,Rüderswil,658,2621600,1203600,2,Bern / Berne,227,Amtsbezirk Signau
11083,906,Schangnau,921,2632200,1186300,2,Bern / Berne,227,Amtsbezirk Signau
11084,907,Signau,683,2621900,1196600,2,Bern / Berne,227,Amtsbezirk Signau
11085,908,Trub,808,2633600,1199200,2,Bern / Berne,227,Amtsbezirk Signau
11086,909,Trubschachen,728,2630900,1196900,2,Bern / Berne,227,Amtsbezirk Signau
11087,921,Amsoldingen,648,2610900,1175100,2,Bern / Berne,228,Amtsbezirk Thun
11088,994,Wanzwil,454,2619300,1227700,2,Bern / Berne,230,Amtsbezirk Wangen
11089,884,Toffen,547,2604000,1189800,2,Bern / Berne,226,Amtsbezirk Seftigen
11090,852,Guggisberg,1116,2591600,1179600,2,Bern / Berne,225,Amtsbezirk Schwarzenburg
11091,782,Guttannen,1043,2665200,1167600,2,Bern / Berne,221,Amtsbezirk Oberhasli
11092,783,Hasliberg,1042,2656300,1177900,2,Bern / Berne,221,Amtsbezirk Oberhasli
11093,784,Innertkirchen,627,2660400,1173000,2,Bern / Berne,221,Amtsbezirk Oberhasli
11094,785,Meiringen,597,2657200,1175400,2,Bern / Berne,221,Amtsbezirk Oberhasli
11095,786,Schattenhalb,621,2657600,1174300,2,Bern / Berne,221,Amtsbezirk Oberhasli
11096,791,Boltigen,817,2596500,1164200,2,Bern / Berne,222,Amtsbezirk Obersimmental
11097,792,Lenk,1064,2600300,1145100,2,Bern / Berne,222,Amtsbezirk Obersimmental
11098,793,St. Stephan,1013,2596700,1150900,2,Bern / Berne,222,Amtsbezirk Obersimmental
11099,794,Zweisimmen,946,2594900,1155900,2,Bern / Berne,222,Amtsbezirk Obersimmental
11100,841,Gsteig,1184,2586800,1137100,2,Bern / Berne,224,Amtsbezirk Saanen
11101,842,Lauenen,1238,2591100,1141400,2,Bern / Berne,224,Amtsbezirk Saanen
11102,873,Kirchenthurnen,596,2604900,1185900,2,Bern / Berne,226,Amtsbezirk Seftigen
11103,851,Albligen,698,2590800,1189000,2,Bern / Berne,225,Amtsbezirk Schwarzenburg
11104,924,Eriz,1011,2625900,1182000,2,Bern / Berne,228,Amtsbezirk Thun
11105,853,Rüschegg,890,2595300,1180700,2,Bern / Berne,225,Amtsbezirk Schwarzenburg
11106,854,Wahlern,789,2592600,1185200,2,Bern / Berne,225,Amtsbezirk Schwarzenburg
11107,861,Belp,521,2604700,1193300,2,Bern / Berne,226,Amtsbezirk Seftigen
11108,862,Belpberg,802,2606400,1190800,2,Bern / Berne,226,Amtsbezirk Seftigen
11109,863,Burgistein,750,2604800,1181500,2,Bern / Berne,226,Amtsbezirk Seftigen
11110,864,Englisberg,817,2602300,1194000,2,Bern / Berne,226,Amtsbezirk Seftigen
11111,865,Gelterfingen,558,2606000,1187800,2,Bern / Berne,226,Amtsbezirk Seftigen
11112,866,Gerzensee,640,2608200,1187600,2,Bern / Berne,226,Amtsbezirk Seftigen
11113,867,Gurzelen,595,2607200,1181000,2,Bern / Berne,226,Amtsbezirk Seftigen
11114,868,Jaberg,545,2610000,1185100,2,Bern / Berne,226,Amtsbezirk Seftigen
11115,869,Kaufdorf,541,2604600,1187500,2,Bern / Berne,226,Amtsbezirk Seftigen
11116,870,Kehrsatz,568,2602500,1195400,2,Bern / Berne,226,Amtsbezirk Seftigen
11117,843,Saanen,1029,2587500,1147500,2,Bern / Berne,224,Amtsbezirk Saanen
11118,979,Herzogenbuchsee,476,2620200,1226300,2,Bern / Berne,230,Amtsbezirk Wangen
11119,922,Blumenstein,659,2606300,1176600,2,Bern / Berne,228,Amtsbezirk Thun
11120,957,Sumiswald,702,2623300,1208600,2,Bern / Berne,229,Amtsbezirk Trachselwald
11121,958,Trachselwald,694,2622800,1207400,2,Bern / Berne,229,Amtsbezirk Trachselwald
11122,959,Walterswil (BE),686,2625600,1218000,2,Bern / Berne,229,Amtsbezirk Trachselwald
11123,960,Wyssachen,688,2629400,1214900,2,Bern / Berne,229,Amtsbezirk Trachselwald
11124,971,Attiswil,490,2613300,1233300,2,Bern / Berne,230,Amtsbezirk Wangen
11125,972,Berken,426,2620500,1230500,2,Bern / Berne,230,Amtsbezirk Wangen
11126,973,Bettenhausen,482,2620900,1224700,2,Bern / Berne,230,Amtsbezirk Wangen
11127,974,Bollodingen,475,2620600,1224100,2,Bern / Berne,230,Amtsbezirk Wangen
11128,975,Farnern,800,2613900,1235100,2,Bern / Berne,230,Amtsbezirk Wangen
11129,976,Graben,456,2621300,1229600,2,Bern / Berne,230,Amtsbezirk Wangen
11130,955,Lützelflüh,581,2618700,1206200,2,Bern / Berne,229,Amtsbezirk Trachselwald
11131,978,Hermiswil,492,2619600,1222500,2,Bern / Berne,230,Amtsbezirk Wangen
11132,954,Huttwil,644,2631100,1218200,2,Bern / Berne,229,Amtsbezirk Trachselwald
11133,980,Inkwil,464,2617600,1227900,2,Bern / Berne,230,Amtsbezirk Wangen
11134,981,Niederbipp,461,2619500,1235100,2,Bern / Berne,230,Amtsbezirk Wangen
11135,982,Niederönz,461,2619200,1226300,2,Bern / Berne,230,Amtsbezirk Wangen
11136,983,Oberbipp,487,2616800,1234400,2,Bern / Berne,230,Amtsbezirk Wangen
11137,984,Oberönz,465,2619400,1225400,2,Bern / Berne,230,Amtsbezirk Wangen
11138,985,Ochlenberg,573,2622500,1222100,2,Bern / Berne,230,Amtsbezirk Wangen
11139,986,Röthenbach bei Herzogenbuchsee,462,2618400,1228300,2,Bern / Berne,230,Amtsbezirk Wangen
11140,987,Rumisberg,641,2615300,1234800,2,Bern / Berne,230,Amtsbezirk Wangen
11141,988,Seeberg,515,2617500,1222000,2,Bern / Berne,230,Amtsbezirk Wangen
11142,989,Thörigen,482,2622000,1224800,2,Bern / Berne,230,Amtsbezirk Wangen
11143,990,Walliswil bei Niederbipp,434,2619100,1231700,2,Bern / Berne,230,Amtsbezirk Wangen
11144,991,Walliswil bei Wangen,461,2618500,1231100,2,Bern / Berne,230,Amtsbezirk Wangen
11145,977,Heimenhausen,453,2619800,1228800,2,Bern / Berne,230,Amtsbezirk Wangen
11146,938,Sigriswil,790,2621100,1174000,2,Bern / Berne,228,Amtsbezirk Thun
11147,925,Fahrni,823,2616500,1182500,2,Bern / Berne,228,Amtsbezirk Thun
11148,926,Forst,649,2606400,1179200,2,Bern / Berne,228,Amtsbezirk Thun
11149,927,Heiligenschwendi,1079,2619000,1177600,2,Bern / Berne,228,Amtsbezirk Thun
11150,928,Heimberg,570,2612800,1182500,2,Bern / Berne,228,Amtsbezirk Thun
11151,929,Hilterfingen,576,2616000,1177200,2,Bern / Berne,228,Amtsbezirk Thun
11152,930,Höfen,693,2609500,1174400,2,Bern / Berne,228,Amtsbezirk Thun
11153,931,Homberg,941,2618800,1180500,2,Bern / Berne,228,Amtsbezirk Thun
11154,932,Horrenbach-Buchen,977,2624000,1181100,2,Bern / Berne,228,Amtsbezirk Thun
11155,933,Längenbühl,662,2608100,1178400,2,Bern / Berne,228,Amtsbezirk Thun
11156,934,Oberhofen am Thunersee,561,2617600,1175500,2,Bern / Berne,228,Amtsbezirk Thun
11157,935,Oberlangenegg,920,2623500,1184200,2,Bern / Berne,228,Amtsbezirk Thun
11158,956,Rüegsau,589,2617900,1208300,2,Bern / Berne,229,Amtsbezirk Trachselwald
11159,937,Schwendibach,848,2617000,1180000,2,Bern / Berne,228,Amtsbezirk Thun
11160,2521,Heinrichswil,483,2614900,1222900,11,Solothurn,1106,Bezirk Kriegstetten
11161,939,Steffisburg,584,2615000,1180700,2,Bern / Berne,228,Amtsbezirk Thun
11162,940,Teuffenthal (BE),990,2620800,1179600,2,Bern / Berne,228,Amtsbezirk Thun
11163,941,Thierachern,609,2610200,1177900,2,Bern / Berne,228,Amtsbezirk Thun
11164,942,Thun,559,2614200,1178400,2,Bern / Berne,228,Amtsbezirk Thun
11165,943,Uebeschi,677,2608900,1176300,2,Bern / Berne,228,Amtsbezirk Thun
11166,944,Uetendorf,554,2610200,1180400,2,Bern / Berne,228,Amtsbezirk Thun
11167,945,Unterlangenegg,858,2620000,1182800,2,Bern / Berne,228,Amtsbezirk Thun
11168,946,Wachseldorn,999,2622300,1185600,2,Bern / Berne,228,Amtsbezirk Thun
11169,947,Zwieselberg,644,2613600,1173000,2,Bern / Berne,228,Amtsbezirk Thun
11170,951,Affoltern im Emmental,802,2622300,1212700,2,Bern / Berne,229,Amtsbezirk Trachselwald
11171,952,Dürrenroth,705,2626800,1215400,2,Bern / Berne,229,Amtsbezirk Trachselwald
11172,953,Eriswil,744,2631300,1214300,2,Bern / Berne,229,Amtsbezirk Trachselwald
11173,936,Pohlern,696,2607800,1174700,2,Bern / Berne,228,Amtsbezirk Thun
11174,3776,Vicosoprano,1066,2768000,1135600,18,Graubünden / Grigioni / Grischun,1808,Bezirk Maloja / Distretto di Maloggia
11175,5192,Lugano,275,2717100,1095900,21,Ticino,2105,Distretto di Lugano
11176,5157,Brè-Aldesago,791,2720700,1096700,21,Ticino,2105,Distretto di Lugano
11177,5172,Castagnola,326,2719200,1095600,21,Ticino,2105,Distretto di Lugano
11178,4728,Fischingen,616,2715500,1252600,20,Thurgau,2006,Bezirk Münchwilen
11179,4726,Au (TG),691,2714400,1250800,20,Thurgau,2006,Bezirk Münchwilen
11180,4727,Dussnang,595,2714800,1254400,20,Thurgau,2006,Bezirk Münchwilen
11181,4729,Oberwangen,586,2715800,1254400,20,Thurgau,2006,Bezirk Münchwilen
11182,4730,Tannegg,611,2714200,1254200,20,Thurgau,2006,Bezirk Münchwilen
11183,2805,Biel (BL),324,2606700,1261800,13,Basel-Landschaft,1301,Bezirk Arlesheim
11184,2804,Benken (BL),316,2606000,1261600,13,Basel-Landschaft,1301,Bezirk Arlesheim
11185,4646,Ermatingen,402,2723600,1281300,20,Thurgau,2005,Bezirk Kreuzlingen
11186,2297,Neuhaus,974,2585800,1177200,10,Fribourg / Freiburg,1006,Bezirk Sense
11187,2201,Illens,696,2574600,1176000,10,Fribourg / Freiburg,1004,District de la Sarine
11188,3772,Casaccia,1464,2771400,1140300,18,Graubünden / Grigioni / Grischun,1808,Bezirk Maloja / Distretto di Maloggia
11189,4793,Wuppenau,601,2725700,1262000,20,Thurgau,2006,Bezirk Münchwilen
11190,4791,Heiligkreuz,648,2729400,1262300,20,Thurgau,2006,Bezirk Münchwilen
11191,4792,Hosenruck,713,2726800,1261300,20,Thurgau,2006,Bezirk Münchwilen
11192,2206,Marly-le-Grand,625,2578800,1180600,10,Fribourg / Freiburg,1004,District de la Sarine
11193,2207,Marly-le-Petit,625,2577700,1181000,10,Fribourg / Freiburg,1004,District de la Sarine
11194,2146,Pont-en-Ogoz,743,2572800,1172500,10,Fribourg / Freiburg,1003,District de la Gruyère
11195,2157,Villars-d'Avry,824,2572500,1171600,10,Fribourg / Freiburg,1003,District de la Gruyère
11196,3762,Scuol/Schuls,1229,2818500,1186900,18,Graubünden / Grigioni / Grischun,1807,Bezirk Inn
11197,30,Grossandelfingen,402,2693300,1272200,1,Zürich,102,Bezirk Andelfingen
11198,4095,Brugg,352,2657900,1259400,19,Aargau,1904,Bezirk Brugg
11199,2300,Plasselb,862,2585800,1175800,10,Fribourg / Freiburg,1006,Bezirk Sense
11200,2577,Grod,488,2641900,1243200,11,Solothurn,1108,Bezirk Olten
11201,4647,Triboltingen,412,2725600,1280300,20,Thurgau,2005,Bezirk Kreuzlingen
11202,4941,Märstetten,425,2722600,1272600,20,Thurgau,2008,Bezirk Weinfelden
11203,4942,Ottoberg,525,2723900,1272100,20,Thurgau,2008,Bezirk Weinfelden
11204,2520,Halten,455,2612500,1224300,11,Solothurn,1106,Bezirk Kriegstetten
11205,2245,Burg bei Murten,513,2577500,1197700,10,Fribourg / Freiburg,1005,Bezirk See / District du Lac
11206,2519,Gerlafingen,451,2610100,1224400,11,Solothurn,1106,Bezirk Kriegstetten
11207,2309,Wünnewil,621,2587700,1191500,10,Fribourg / Freiburg,1006,Bezirk Sense
11208,174,Illnau,510,2694200,1253700,1,Zürich,108,Bezirk Pfäffikon
11209,2256,Coussiberlé,581,2575600,1193800,10,Fribourg / Freiburg,1005,Bezirk See / District du Lac
11210,2251,Courlevon,552,2575000,1193300,10,Fribourg / Freiburg,1005,Bezirk See / District du Lac
11211,584,Lauterbrunnen,992,2636500,1161200,2,Bern / Berne,213,Amtsbezirk Interlaken
11212,5124,Rasa,887,2693900,1112300,21,Ticino,2104,Distretto di Locarno
11213,2576,Gretzenbach,399,2642200,1245300,11,Solothurn,1108,Bezirk Olten
11214,5111,Intragna,368,2697400,1114800,21,Ticino,2104,Distretto di Locarno
11215,2109,Villarimboud,759,2563700,1176700,10,Fribourg / Freiburg,1002,District de la Glâne
11216,2084,Macconnens,712,2564600,1176500,10,Fribourg / Freiburg,1002,District de la Glâne
11217,6002,Brig,682,2642400,1129600,23,Valais / Wallis,2301,Bezirk Brig
11218,6003,Brigerbad,652,2636900,1127700,23,Valais / Wallis,2301,Bezirk Brig
11219,6005,Glis,682,2641600,1129000,23,Valais / Wallis,2301,Bezirk Brig
11220,6248,Sierre,543,2607300,1127000,23,Valais / Wallis,2311,District de Sierre
11221,6236,Granges (VS),509,2602000,1123000,23,Valais / Wallis,2311,District de Sierre
11222,6297,Visp,647,2634300,1126900,23,Valais / Wallis,2313,Bezirk Visp
11223,6284,Eyholz,661,2636500,1127100,23,Valais / Wallis,2313,Bezirk Visp
11224,2222,Rossens (FR),706,2574400,1174500,10,Fribourg / Freiburg,1004,District de la Sarine
11225,5753,Envy,691,2525000,1171500,22,Vaud,2212,District d'Orbe
11226,583,Isenfluh,1089,2635000,1163300,2,Bern / Berne,213,Amtsbezirk Interlaken
11228,4102,Lauffohr,333,2659900,1261600,19,Aargau,1904,Bezirk Brugg
11246,477,Roggenburg,567,2592600,1253700,2,Bern / Berne,208,District de Delémont
11247,476,Rebévelier,1030,2580000,1237500,2,Bern / Berne,208,District de Delémont
11249,6072,Kommunanz Gluringen/Ritzingen,1782,2659700,1146700,23,Valais / Wallis,2304,Bezirk Goms
11250,5236,C'za Bidogno/Sala Capriasca/Corticiasca,1412,2722700,1107400,21,Ticino,2105,Distretto di Lugano
11251,5237,C'za Sala Capriasca/Vaglio/Lugaggia,1695,2722000,1107300,21,Ticino,2105,Distretto di Lugano
11252,3955,Gemeinschaftsgebiet Maienfeld-Fläsch,1608,2760700,1212000,18,Graubünden / Grigioni / Grischun,1813,Bezirk Unterlandquart
11254,4446,Niedersommeri,463,2739300,1270100,20,Thurgau,2001,Bezirk Arbon
11255,2275,Murten,458,2575600,1197400,10,Fribourg / Freiburg,1005,Bezirk See / District du Lac
11256,3572,Fellers,1213,2736900,1184900,18,Graubünden / Grigioni / Grischun,1803,Bezirk Glenner
11257,2072,Ecublens (FR),590,2551800,1162200,10,Fribourg / Freiburg,1002,District de la Glâne
11258,2073,Eschiens,605,2551900,1161500,10,Fribourg / Freiburg,1002,District de la Glâne
11259,2104,Villangeaux,679,2551200,1165000,10,Fribourg / Freiburg,1002,District de la Glâne
11260,4784,Wängi,467,2714100,1261700,20,Thurgau,2006,Bezirk Münchwilen
11261,4781,Anetswil,521,2715600,1262900,20,Thurgau,2006,Bezirk Münchwilen
11262,4782,Krillberg,624,2713900,1259800,20,Thurgau,2006,Bezirk Münchwilen
11263,4783,Tuttwil,603,2713100,1260300,20,Thurgau,2006,Bezirk Münchwilen
11264,6266,Sion,512,2594000,1120100,23,Valais / Wallis,2312,District de Sion
11265,6262,Bramois,505,2597300,1120200,23,Valais / Wallis,2312,District de Sion
11267,2334,La Rougève,815,2559100,1157400,10,Fribourg / Freiburg,1007,District de la Veveyse
11268,5761,Romainmôtier,660,2525200,1171800,22,Vaud,2212,District d'Orbe
11269,4447,Obersommeri,471,2738700,1270700,20,Thurgau,2001,Bezirk Arbon
11270,4832,Müllheim,412,2717600,1273600,20,Thurgau,2007,Bezirk Steckborn
11271,4831,Langenhart,483,2718500,1275000,20,Thurgau,2007,Bezirk Steckborn
11280,2336,Semsales,868,2560900,1158200,10,Fribourg / Freiburg,1007,District de la Veveyse
11281,4561,Felben,396,2713200,1271000,20,Thurgau,2004,Bezirk Frauenfeld
11282,3809,Santa Domenica,1056,2729600,1134800,18,Graubünden / Grigioni / Grischun,1809,Distretto di Moësa
11283,249,Unterengstringen,401,2676300,1251600,1,Zürich,111,Bezirk Zürich
11284,250,Urdorf,421,2674400,1248400,1,Zürich,111,Bezirk Zürich
11285,251,Weiningen (ZH),413,2675200,1252600,1,Zürich,111,Bezirk Zürich
11286,2476,Hofstetten (SO),463,2605800,1258300,11,Solothurn,1104,Bezirk Dorneck
11287,3613,Pigniu/Panix,1312,2728100,1185600,18,Graubünden / Grigioni / Grischun,1803,Bezirk Glenner
11288,4074,Oberwil (AG),558,2671600,1243200,19,Aargau,1903,Bezirk Bremgarten
11289,4633,Dippishausen-Oftershausen,542,2730100,1275100,20,Thurgau,2005,Bezirk Kreuzlingen
11290,3592,Cumbels,1155,2734000,1176500,18,Graubünden / Grigioni / Grischun,1803,Bezirk Glenner
11291,3594,Igels,1121,2732500,1174300,18,Graubünden / Grigioni / Grischun,1803,Bezirk Glenner
11292,247,Schlieren,397,2676200,1250000,1,Zürich,111,Bezirk Zürich
11293,3604,Vigens,1237,2731400,1173400,18,Graubünden / Grigioni / Grischun,1803,Bezirk Glenner
11294,246,Oetwil an der Limmat,408,2672200,1253500,1,Zürich,111,Bezirk Zürich
11295,4562,Wellhausen,404,2713400,1270300,20,Thurgau,2004,Bezirk Frauenfeld
11296,352,Bolligen,579,2604300,1202600,2,Bern / Berne,203,Amtsbezirk Bern
11297,2246,Chandossel,460,2573100,1192900,10,Fribourg / Freiburg,1005,Bezirk See / District du Lac
11298,2279,Villarepos,491,2572100,1192500,10,Fribourg / Freiburg,1005,Bezirk See / District du Lac
11299,3871,Klosters,1182,2786000,1194500,18,Graubünden / Grigioni / Grischun,1811,Bezirk Oberlandquart
11300,4637,Siegershausen,544,2729700,1274700,20,Thurgau,2005,Bezirk Kreuzlingen
11301,5261,Pedrinate,434,2722300,1076300,21,Ticino,2106,Distretto di Mendrisio
11302,2203,Lossy,588,2575000,1186900,10,Fribourg / Freiburg,1004,District de la Sarine
11303,2195,Formangueires,579,2575600,1186400,10,Fribourg / Freiburg,1004,District de la Sarine
11304,3808,Rossa,1087,2729900,1137200,18,Graubünden / Grigioni / Grischun,1809,Distretto di Moësa
11305,3802,Augio,1063,2729800,1136200,18,Graubünden / Grigioni / Grischun,1809,Distretto di Moësa
11306,3582,Schleuis,756,2736700,1183500,18,Graubünden / Grigioni / Grischun,1803,Bezirk Glenner
11307,2534,Zuchwil,433,2608900,1228000,11,Solothurn,1106,Bezirk Kriegstetten
11308,2522,Hersiwil,491,2614800,1223900,11,Solothurn,1106,Bezirk Kriegstetten
11309,2523,Horriwil,465,2614100,1225600,11,Solothurn,1106,Bezirk Kriegstetten
11310,2524,Hüniken,473,2614900,1226000,11,Solothurn,1106,Bezirk Kriegstetten
11311,2525,Kriegstetten,452,2612000,1225000,11,Solothurn,1106,Bezirk Kriegstetten
11312,2526,Lohn (SO),503,2606500,1224300,11,Solothurn,1106,Bezirk Kriegstetten
11313,2527,Luterbach,430,2611200,1229400,11,Solothurn,1106,Bezirk Kriegstetten
11314,2528,Obergerlafingen,459,2611100,1223500,11,Solothurn,1106,Bezirk Kriegstetten
11315,2529,Oekingen,448,2612600,1225400,11,Solothurn,1106,Bezirk Kriegstetten
11316,2530,Recherswil,458,2611900,1223400,11,Solothurn,1106,Bezirk Kriegstetten
11317,2531,Steinhof,561,2618800,1223400,11,Solothurn,1106,Bezirk Kriegstetten
11318,248,Uitikon,554,2676600,1247200,1,Zürich,111,Bezirk Zürich
11319,2533,Winistorf,473,2616100,1222400,11,Solothurn,1106,Bezirk Kriegstetten
11320,4061,Arni-Islisberg,569,2674200,1241300,19,Aargau,1903,Bezirk Bremgarten
11321,3844,Santa Maria im Münstertal,1376,2828800,1165600,18,Graubünden / Grigioni / Grischun,1810,Bezirk Münstertal
11322,3841,Fuldera,1634,2824700,1166100,18,Graubünden / Grigioni / Grischun,1810,Bezirk Münstertal
11323,3842,Lü,1952,2824500,1167700,18,Graubünden / Grigioni / Grischun,1810,Bezirk Münstertal
11324,3843,Müstair,1255,2830300,1168200,18,Graubünden / Grigioni / Grischun,1810,Bezirk Münstertal
11325,3845,Tschierv,1692,2821600,1168100,18,Graubünden / Grigioni / Grischun,1810,Bezirk Münstertal
11326,3846,Valchava,1413,2827400,1165300,18,Graubünden / Grigioni / Grischun,1810,Bezirk Münstertal
11327,241,Aesch bei Birmensdorf,545,2675500,1243300,1,Zürich,111,Bezirk Zürich
11328,242,Birmensdorf (ZH),466,2675500,1245400,1,Zürich,111,Bezirk Zürich
11329,243,Dietikon,390,2672500,1251000,1,Zürich,111,Bezirk Zürich
11330,244,Geroldswil,397,2673400,1252600,1,Zürich,111,Bezirk Zürich
11331,245,Oberengstringen,413,2677300,1251400,1,Zürich,111,Bezirk Zürich
11332,2532,Subingen,439,2613500,1227300,11,Solothurn,1106,Bezirk Kriegstetten
11333,2224,Sales (Sarine),716,2578300,1178800,10,Fribourg / Freiburg,1004,District de la Sarine
11334,2106,Villaranon,788,2557400,1169100,10,Fribourg / Freiburg,1002,District de la Glâne
11335,2263,Grossguschelmuth,585,2576900,1192200,10,Fribourg / Freiburg,1005,Bezirk See / District du Lac
11336,2268,Kleinguschelmuth,575,2577800,1193000,10,Fribourg / Freiburg,1005,Bezirk See / District du Lac
11337,2262,Grossgurmels,539,2579700,1193600,10,Fribourg / Freiburg,1005,Bezirk See / District du Lac
11338,2273,Monterschu,596,2579600,1192300,10,Fribourg / Freiburg,1005,Bezirk See / District du Lac
11339,5938,Yverdon,434,2539000,1181200,22,Vaud,2219,District d'Yverdon
11340,3585,Strada,711,2733400,1182000,18,Graubünden / Grigioni / Grischun,1803,Bezirk Glenner
11341,2281,Vully-le-Haut,511,2571900,1200000,10,Fribourg / Freiburg,1005,Bezirk See / District du Lac
11342,159,Uetikon,451,2693800,1235400,1,Zürich,107,Bezirk Meilen
11343,2175,Belfaux,584,2574700,1185600,10,Fribourg / Freiburg,1004,District de la Sarine
11344,2098,Le Saulgy,840,2555500,1166900,10,Fribourg / Freiburg,1002,District de la Glâne
11345,2189,Ependes (FR),750,2577600,1178200,10,Fribourg / Freiburg,1004,District de la Sarine
11346,3574,Ilanz,698,2734900,1181900,18,Graubünden / Grigioni / Grischun,1803,Bezirk Glenner
11347,252,Zollikon,469,2685800,1243800,1,Zürich,111,Bezirk Zürich
11348,1,Aeugst,700,2679300,1235700,1,Zürich,101,Bezirk Affoltern
11349,14,Wettswil,564,2678200,1243700,1,Zürich,101,Bezirk Affoltern
11350,200,Wangen (ZH),443,2691100,1251800,1,Zürich,109,Bezirk Uster
11351,3986,Tavetsch,1436,2701600,1170800,18,Graubünden / Grigioni / Grischun,1814,Bezirk Vorderrhein
11352,5178,Croglio-Castelrotto,412,2708400,1094400,21,Ticino,2105,Distretto di Lugano
11353,5152,Biogno-Beride,512,2708700,1094900,21,Ticino,2105,Distretto di Lugano
11354,2178,Chésalles,619,2576800,1179900,10,Fribourg / Freiburg,1004,District de la Sarine
11355,5226,Tesserete,525,2718200,1102900,21,Ticino,2105,Distretto di Lugano
11356,5166,Campestro,615,2718600,1103300,21,Ticino,2105,Distretto di Lugano
11357,5250,Chiasso,238,2723400,1077200,21,Ticino,2106,Distretto di Mendrisio
11358,2187,Cutterwil,638,2573100,1187800,10,Fribourg / Freiburg,1004,District de la Sarine
11359,2048,La Vounaise,593,2552200,1183800,10,Fribourg / Freiburg,1001,District de la Broye
11360,2096,Romont (FR),766,2560300,1171800,10,Fribourg / Freiburg,1002,District de la Glâne
11361,2078,Les Glânes,749,2561800,1171900,10,Fribourg / Freiburg,1002,District de la Glâne
11362,2212,Nierlet-les-Bois,672,2570900,1185500,10,Fribourg / Freiburg,1004,District de la Sarine
11363,2217,Ponthaux,648,2569600,1185000,10,Fribourg / Freiburg,1004,District de la Sarine
11364,2034,Murist,653,2551700,1182300,10,Fribourg / Freiburg,1001,District de la Broye
11365,2280,Vully-le-Bas,433,2575000,1200900,10,Fribourg / Freiburg,1005,Bezirk See / District du Lac
11366,2030,Montborget,650,2550400,1182700,10,Fribourg / Freiburg,1001,District de la Broye
11367,2099,Siviriez,776,2557100,1167600,10,Fribourg / Freiburg,1002,District de la Glâne
11368,3801,Arvigo,878,2729000,1129300,18,Graubünden / Grigioni / Grischun,1809,Distretto di Moësa
11369,3807,Landarenca,1272,2728800,1131100,18,Graubünden / Grigioni / Grischun,1809,Distretto di Moësa
11370,624,Schlosswil,861,2617100,1192000,2,Bern / Berne,214,Amtsbezirk Konolfingen
11371,4853,Salenstein,495,2721700,1281100,20,Thurgau,2007,Bezirk Steckborn
11372,4851,Fruthwilen,512,2722300,1280300,20,Thurgau,2007,Bezirk Steckborn
11373,3536,Riom,1249,2764200,1164300,18,Graubünden / Grigioni / Grischun,1801,Bezirk Albula
11374,3535,Parsonz,1365,2763400,1164300,18,Graubünden / Grigioni / Grischun,1801,Bezirk Albula
11375,3893,St. Antönien Castels,1704,2780000,1205300,18,Graubünden / Grigioni / Grischun,1811,Bezirk Oberlandquart
11376,3894,St. Antönien Rüti,1480,2781900,1205100,18,Graubünden / Grigioni / Grischun,1811,Bezirk Oberlandquart
11377,2076,Fuyens,714,2564400,1173800,10,Fribourg / Freiburg,1002,District de la Glâne
11378,4461,Amriswil,450,2740000,1267700,20,Thurgau,2002,Bezirk Bischofszell
11379,2111,Villaz-Saint-Pierre,726,2563200,1174400,10,Fribourg / Freiburg,1002,District de la Glâne
11380,4464,Räuchlisberg,504,2739500,1266700,20,Thurgau,2002,Bezirk Bischofszell
11381,4463,Oberaach,439,2737600,1269200,20,Thurgau,2002,Bezirk Bischofszell
11382,4462,Biessenhofen,461,2737100,1267800,20,Thurgau,2002,Bezirk Bischofszell
11383,4852,Mannenbach,407,2721000,1281500,20,Thurgau,2007,Bezirk Steckborn
11384,5173,Certara,1015,2725400,1105000,21,Ticino,2105,Distretto di Lugano
11385,5098,Caviano,286,2702700,1107100,21,Ticino,2104,Distretto di Locarno
11386,5099,Cavigliano,317,2698900,1115700,21,Ticino,2104,Distretto di Locarno
11387,6610,Céligny,431,2504300,1134000,25,Genève,2500,Canton de Genève
11388,5309,Cerentino,997,2685300,1128800,21,Ticino,2108,Distretto di Vallemaggia
11389,2126,Cerniat (FR),919,2578400,1164600,10,Fribourg / Freiburg,1003,District de la Gruyère
11390,5067,Campello,1409,2706000,1149400,21,Ticino,2103,Distretto di Leventina
11391,6472,Cernier,813,2559200,1212100,24,Neuchâtel,2405,District du Val-de-Ruz
11392,5033,Castro,656,2714300,1147800,21,Ticino,2102,Distretto di Blenio
11393,5310,Cevio,419,2689500,1130100,21,Ticino,2108,Distretto di Vallemaggia
11394,2005,Châbles,571,2552000,1186300,10,Fribourg / Freiburg,1001,District de la Broye
11395,5453,Chabrey,496,2565200,1197400,22,Vaud,2203,District d'Avenches
11396,6232,Chalais,521,2605300,1123800,23,Valais / Wallis,2311,District de Sierre
11397,1702,Cham,415,2677400,1226100,9,Zug,900,Kanton Zug
11398,5904,Chamblon,519,2536400,1181200,22,Vaud,2219,District d'Yverdon
11399,5811,Cerniaz (VD),688,2558500,1175200,22,Vaud,2214,District de Payerne
11400,6608,Carouge (GE),382,2499700,1115600,25,Genève,2500,Canton de Genève
11401,5908,Chêne-Pâquier,642,2548800,1180300,22,Vaud,2219,District d'Yverdon
11402,5307,Campo (Vallemaggia),1272,2681400,1126900,21,Ticino,2108,Distretto di Vallemaggia
11403,5246,Caneggio,553,2723600,1081300,21,Ticino,2106,Distretto di Mendrisio
11404,5167,Canobbio,399,2718300,1099300,21,Ticino,2105,Distretto di Lugano
11405,5247,Capolago,276,2719700,1084900,21,Ticino,2106,Distretto di Mendrisio
11406,5168,Carabbia,504,2716200,1092300,21,Ticino,2105,Distretto di Lugano
11407,5308,Cavergno,460,2690000,1133300,21,Ticino,2108,Distretto di Vallemaggia
11408,5170,Carona,596,2716100,1090700,21,Ticino,2105,Distretto di Lugano
11409,5068,Cavagnago,1020,2711000,1141200,21,Ticino,2103,Distretto di Leventina
11410,5782,Carrouge (VD),722,2549200,1161800,22,Vaud,2213,District d'Oron
11411,6609,Cartigny,429,2490400,1114600,25,Genève,2500,Canton de Genève
11412,5248,Casima,655,2724000,1083400,21,Ticino,2106,Distretto di Mendrisio
11413,5171,Caslano,278,2711800,1092300,21,Ticino,2105,Distretto di Lugano
11414,5249,Castel San Pietro,449,2721900,1080200,21,Ticino,2106,Distretto di Mendrisio
11415,6151,Champéry,1042,2556100,1114200,23,Valais / Wallis,2308,District de Monthey
11416,5169,Carabietta,288,2713300,1091700,21,Ticino,2105,Distretto di Lugano
11417,5627,Chavannes-près-Renens,398,2533500,1153300,22,Vaud,2209,District de Morges
11418,6022,Chamoson,628,2583500,1116600,23,Valais / Wallis,2302,District de Conthey
11419,2008,Châtillon (FR),515,2553400,1187000,10,Fribourg / Freiburg,1001,District de la Broye
11420,2068,Châtonnaye,691,2561800,1178200,10,Fribourg / Freiburg,1002,District de la Glâne
11421,5707,Chavannes-de-Bogis,479,2501700,1133300,22,Vaud,2211,District de Nyon
11422,5708,Chavannes-des-Bois,470,2499400,1130200,22,Vaud,2211,District de Nyon
11423,5907,Chavannes-le-Chêne,664,2549600,1180900,22,Vaud,2219,District d'Yverdon
11424,2128,Châtel-sur-Montsalvens,910,2576000,1162500,10,Fribourg / Freiburg,1003,District de la Gruyère
11425,2069,Chavannes-les-Forts,785,2558600,1166800,10,Fribourg / Freiburg,1002,District de la Glâne
11426,2325,Châtel-Saint-Denis,811,2558800,1153000,10,Fribourg / Freiburg,1007,District de la Veveyse
11427,2070,Chavannes-sous-Orsonnens,670,2565800,1175300,10,Fribourg / Freiburg,1002,District de la Glâne
11428,5665,Chavannes-sur-Moudon,690,2551800,1167600,22,Vaud,2210,District de Moudon
11429,5749,Chavornay,459,2533600,1173100,22,Vaud,2212,District d'Orbe
11430,2009,Cheiry,558,2554000,1177800,10,Fribourg / Freiburg,1001,District de la Broye
11431,6612,Chêne-Bougeries,421,2503400,1117000,25,Genève,2500,Canton de Genève
11432,5481,Dizy,581,2527800,1165300,22,Vaud,2204,District de Cossonay
11433,5475,Chavannes-le-Veyron,607,2524300,1162100,22,Vaud,2204,District de Cossonay
11434,2007,Chapelle (Broye),618,2555200,1180000,10,Fribourg / Freiburg,1001,District de la Broye
11435,5004,Camorino,267,2721100,1113600,21,Ticino,2101,Distretto di Bellinzona
11436,5454,Champmartin,464,2566500,1199000,22,Vaud,2203,District d'Avenches
11437,5812,Champtauroz,688,2550400,1179000,22,Vaud,2214,District de Payerne
11438,5905,Champvent,534,2533800,1181700,22,Vaud,2219,District d'Yverdon
11439,6611,Chancy,360,2486700,1112000,25,Genève,2500,Canton de Genève
11440,6233,Chandolin,1919,2611800,1122300,23,Valais / Wallis,2311,District de Sierre
11441,5783,Châtillens,609,2552200,1157700,22,Vaud,2213,District d'Oron
11442,5906,Chanéaz,755,2546800,1175600,22,Vaud,2219,District d'Yverdon
11443,5553,Champagne,456,2540500,1187000,22,Vaud,2206,District de Grandson
11444,2066,Chapelle (Glâne),743,2553700,1159800,10,Fribourg / Freiburg,1002,District de la Glâne
11445,5664,Chapelle-sur-Moudon,761,2546200,1168900,22,Vaud,2210,District de Moudon
11446,5882,Chardonne,601,2553000,1147500,22,Vaud,2218,District de Vevey
11447,2127,Charmey,889,2578800,1163500,10,Fribourg / Freiburg,1003,District de la Gruyère
11448,6132,Charrat,460,2576600,1107800,23,Valais / Wallis,2307,District de Martigny
11449,5841,Château-d'Oex,956,2576500,1147000,22,Vaud,2215,District du Pays-d'Enhaut
11450,2006,Chandon,528,2570200,1187600,10,Fribourg / Freiburg,1001,District de la Broye
11451,3021,Bühler,823,2749500,1248800,15,Appenzell Ausserrhoden,1502,Bezirk Mittelland
11452,5623,Buchillon,400,2521800,1147000,22,Vaud,2209,District de Morges
11453,1052,Buchrain,460,2669000,1216500,3,Luzern,303,Amt Luzern
11454,4003,Buchs (AG),386,2647600,1248700,19,Aargau,1901,Bezirk Aarau
11455,1124,Buchs (LU),505,2645100,1228100,3,Luzern,305,Amt Willisau
11456,83,Buchs (ZH),435,2675400,1256800,1,Zürich,104,Bezirk Dielsdorf
11457,5032,Campo (Blenio),1226,2714800,1157300,21,Ticino,2102,Distretto di Blenio
11458,382,Büetigen,445,2592700,1217200,2,Bern / Berne,205,Amtsbezirk Büren
11459,4712,Buch bei Märwil,510,2721800,1266300,20,Thurgau,2006,Bezirk Münchwilen
11460,4496,Buhwil,468,2729900,1265400,20,Thurgau,2002,Bezirk Bischofszell
11461,53,Bülach,419,2683000,1263700,1,Zürich,103,Bezirk Bülach
11462,2125,Bulle,763,2570800,1162700,10,Fribourg / Freiburg,1003,District de la Gruyère
11463,5552,Bullet,1147,2532500,1187000,22,Vaud,2206,District de Grandson
11464,4229,Bünzen,441,2666900,1240300,19,Aargau,1908,Bezirk Muri
11465,1502,Buochs,442,2674700,1203000,7,Nidwalden,700,Kanton Nidwalden
11466,2244,Büchslen,514,2580300,1199300,10,Fribourg / Freiburg,1005,Bezirk See / District du Lac
11467,213,Brütten,616,2693100,1258700,1,Zürich,110,Bezirk Winterthur
11468,5306,Brontallo,737,2691500,1134500,21,Ticino,2108,Distretto di Vallemaggia
11469,6405,Brot-Dessous,844,2547400,1200700,24,Neuchâtel,2401,District de Boudry
11470,6433,Brot-Plamboz,1018,2546700,1202400,24,Neuchâtel,2403,District du Locle
11471,2446,Brügglen,551,2604300,1221200,11,Solothurn,1103,Bezirk Bucheggberg
11472,4193,Brunegg,426,2658700,1252300,19,Aargau,1907,Bezirk Lenzburg
11473,2292,Brünisried,879,2587700,1178900,10,Fribourg / Freiburg,1006,Bezirk Sense
11474,2933,Buchberg,481,2684500,1269700,14,Schaffhausen,1403,Bezirk Schaffhausen
11475,5160,Brusino Arsizio,291,2716400,1087400,21,Ticino,2105,Distretto di Lugano
11476,4476,Buchackern,510,2735000,1266900,20,Thurgau,2002,Bezirk Bischofszell
11477,5244,Bruzella,630,2724100,1082400,21,Ticino,2106,Distretto di Mendrisio
11478,112,Bubikon,520,2704400,1236300,1,Zürich,105,Bezirk Hinwil
11479,2961,Buch (SH),416,2700900,1286000,14,Schaffhausen,1405,Bezirk Stein
11480,24,Buch am Irchel,533,2689100,1267000,1,Zürich,102,Bezirk Andelfingen
11481,4616,Buch bei Frauenfeld,461,2705200,1273000,20,Thurgau,2004,Bezirk Frauenfeld
11482,383,Büren an der Aare,438,2595000,1220900,2,Bern / Berne,205,Amtsbezirk Büren
11483,2447,Brunnenthal,540,2602300,1215100,11,Solothurn,1103,Bezirk Bucheggberg
11484,5162,Cadempino,341,2715900,1099100,21,Ticino,2105,Distretto di Lugano
11485,6193,Bürchen,1267,2628900,1125900,23,Valais / Wallis,2309,Bezirk Raron
11487,6503,Buttes,771,2532400,1193400,24,Neuchâtel,2406,District du Val-de-Travers
11488,4064,Büttikon,500,2662800,1242000,19,Aargau,1903,Bezirk Bremgarten
11489,1083,Buttisholz,566,2649800,1218400,3,Luzern,304,Amt Sursee
11490,4230,Buttwil,636,2666000,1235700,19,Aargau,1908,Bezirk Muri
11491,2004,Bussy (FR),474,2558000,1187300,10,Fribourg / Freiburg,1001,District de la Broye
11492,5161,Cademario,772,2712700,1097700,21,Ticino,2105,Distretto di Lugano
11493,325,Busswil bei Melchnau,578,2629500,1226100,2,Bern / Berne,202,Amtsbezirk Aarwangen
11494,5003,Cadenazzo,212,2716700,1112200,21,Ticino,2101,Distretto di Bellinzona
11495,5163,Cadro,468,2719800,1100500,21,Ticino,2105,Distretto di Lugano
11496,5164,Cagiallo,524,2718700,1102800,21,Ticino,2105,Distretto di Lugano
11497,5065,Calonico,948,2707700,1145300,21,Ticino,2103,Distretto di Leventina
11498,5066,Calpiogna,1141,2704900,1149300,21,Ticino,2103,Distretto di Leventina
11499,5165,Camignolo,448,2715900,1107300,21,Ticino,2105,Distretto di Lugano
11500,5245,Cabbio,684,2724800,1084200,21,Ticino,2106,Distretto di Mendrisio
11501,5854,Burtigny,734,2509300,1146800,22,Vaud,2216,District de Rolle
11502,2177,Chénens,694,2566600,1176700,10,Fribourg / Freiburg,1004,District de la Sarine
11503,4133,Burg (AG),615,2656200,1231800,19,Aargau,1905,Bezirk Kulm
11504,404,Burgdorf,559,2614000,1211700,2,Bern / Berne,206,Amtsbezirk Burgdorf
11505,4911,Bürglen (TG),440,2729000,1268000,20,Thurgau,2008,Bezirk Weinfelden
11506,1205,Bürglen (UR),549,2693300,1192300,4,Uri,400,Kanton Uri
11507,1082,Büron,512,2649700,1229400,3,Luzern,304,Amt Sursee
11508,5663,Bussy-sur-Moudon,626,2552000,1170700,22,Vaud,2210,District de Moudon
11509,5853,Bursins,463,2511800,1145100,22,Vaud,2216,District de Rolle
11510,2472,Büren (SO),442,2617500,1255400,11,Solothurn,1104,Bezirk Dorneck
11511,2614,Büsserach,416,2607600,1248900,11,Solothurn,1110,Bezirk Thierstein
11512,5624,Bussigny-près-Lausanne,414,2532000,1155800,22,Vaud,2209,District de Morges
11513,5781,Bussigny-sur-Oron,770,2555900,1157800,22,Vaud,2213,District d'Oron
11514,4921,Bussnang,427,2723400,1268800,20,Thurgau,2008,Bezirk Weinfelden
11515,4761,Busswil (TG),590,2718800,1256600,20,Thurgau,2006,Bezirk Münchwilen
11516,384,Busswil bei Büren,446,2591400,1216500,2,Bern / Berne,205,Amtsbezirk Büren
11517,5852,Bursinel,430,2512800,1143700,22,Vaud,2216,District de Rolle
11518,5910,Cronay,614,2543300,1178600,22,Vaud,2219,District d'Yverdon
11519,5714,Crassier,473,2501900,1136700,22,Vaud,2211,District de Nyon
11520,5668,Cremin,636,2554400,1175000,22,Vaud,2210,District de Moudon
11521,5283,Cresciano,260,2720700,1126700,21,Ticino,2107,Distretto di Riviera
11522,2257,Cressier (FR),563,2577300,1194200,10,Fribourg / Freiburg,1005,Bezirk See / District du Lac
11523,6452,Cressier (NE),437,2569500,1211200,24,Neuchâtel,2404,District de Neuchâtel
11524,5884,Corsier-sur-Vevey,419,2554200,1146700,22,Vaud,2218,District de Vevey
11525,5583,Crissier,475,2534000,1156300,22,Vaud,2207,District de Lausanne
11526,6505,Couvet,747,2538600,1197500,24,Neuchâtel,2406,District du Val-de-Travers
11527,5752,Croy,645,2526400,1171900,22,Vaud,2212,District d'Orbe
11528,5479,Cuarnens,631,2523400,1164300,22,Vaud,2204,District de Cossonay
11529,5911,Cuarny,609,2542300,1180200,22,Vaud,2219,District d'Yverdon
11530,5456,Cudrefin,432,2568100,1200600,22,Vaud,2203,District d'Avenches
11531,5104,Cugnasco,224,2714300,1114800,21,Ticino,2104,Distretto di Locarno
11532,2011,Cugy (FR),475,2558200,1184900,10,Fribourg / Freiburg,1001,District de la Broye
11533,2130,Crésuz,902,2577100,1163100,10,Fribourg / Freiburg,1003,District de la Gruyère
11534,2250,Courgevaux,479,2575100,1195000,10,Fribourg / Freiburg,1005,Bezirk See / District du Lac
11535,6613,Chêne-Bourg,420,2504000,1116600,25,Genève,2500,Canton de Genève
11536,433,Cortébert,675,2574900,1226600,2,Bern / Berne,207,District de Courtelary
11537,5177,Corticiasca,1015,2722200,1105200,21,Ticino,2105,Distretto di Lugano
11538,5034,Corzoneso,723,2714900,1144900,21,Ticino,2102,Distretto di Blenio
11539,5477,Cossonay,563,2528700,1162900,22,Vaud,2204,District de Cossonay
11540,2186,Cottens (FR),713,2568900,1177900,10,Fribourg / Freiburg,1004,District de la Sarine
11541,5713,Crans-près-Céligny,423,2505000,1134800,22,Vaud,2211,District de Nyon
11542,4551,Aadorf,543,2710800,1260900,20,Thurgau,2004,Bezirk Frauenfeld
11543,5103,Crana,880,2690400,1117600,21,Ticino,2104,Distretto di Locarno
11544,4661,Illighausen,560,2733100,1274000,20,Thurgau,2005,Bezirk Kreuzlingen
11545,2253,Courtaman,594,2576500,1191200,10,Fribourg / Freiburg,1005,Bezirk See / District du Lac
11546,434,Courtelary,695,2572300,1225400,2,Bern / Berne,207,District de Courtelary
11547,2254,Courtepin,566,2576100,1190300,10,Fribourg / Freiburg,1005,Bezirk See / District du Lac
11548,2255,Courtion,579,2571800,1189700,10,Fribourg / Freiburg,1005,Bezirk See / District du Lac
11549,5179,Cureggia,648,2719700,1097600,21,Ticino,2105,Distretto di Lugano
11550,5478,Cottens (VD),580,2524600,1158500,22,Vaud,2204,District de Cossonay
11551,1604,Diesbach (GL),608,2721400,1201500,8,Glarus,800,Kanton Glarus
11552,5516,Cugy (VD),709,2538800,1159400,22,Vaud,2205,District d'Echallens
11553,5631,Denens,503,2524700,1152400,22,Vaud,2209,District de Morges
11554,5670,Denezy,733,2550000,1174600,22,Vaud,2210,District de Moudon
11555,5632,Denges,399,2531100,1153000,22,Vaud,2209,District de Morges
11556,4004,Densbüren,504,2646300,1256100,19,Aargau,1901,Bezirk Aarau
11557,4836,Dettighofen,526,2713600,1275100,20,Thurgau,2007,Bezirk Steckborn
11558,2012,Delley,491,2564100,1195800,10,Fribourg / Freiburg,1001,District de la Broye
11559,1053,Dierikon,427,2670800,1216700,3,Luzern,303,Amt Luzern
11560,5182,Davesco-Soragno,443,2719400,1099200,21,Ticino,2105,Distretto di Lugano
11561,385,Diessbach bei Büren,461,2594200,1217500,2,Bern / Berne,205,Amtsbezirk Büren
11562,4541,Diessenhofen,406,2698500,1282700,20,Thurgau,2003,Bezirk Diessenhofen
11563,54,Dietlikon,442,2689000,1253400,1,Zürich,103,Bezirk Bülach
11564,4231,Dietwil,440,2672300,1222300,19,Aargau,1908,Bezirk Muri
11565,216,Dinhard,437,2700000,1268000,1,Zürich,110,Bezirk Winterthur
11566,4194,Dintikon,444,2659600,1246200,19,Aargau,1907,Bezirk Lenzburg
11567,86,Dielsdorf,453,2676500,1259600,1,Zürich,104,Bezirk Dielsdorf
11568,1503,Dallenwil,548,2672400,1197600,7,Nidwalden,700,Kanton Nidwalden
11569,6619,Corsier (GE),431,2506400,1124200,25,Genève,2500,Canton de Genève
11570,5180,Cureglia,426,2716600,1099500,21,Ticino,2105,Distretto di Lugano
11571,5181,Curio,565,2710400,1095500,21,Ticino,2105,Distretto di Lugano
11572,5669,Curtilles,529,2554900,1172100,22,Vaud,2210,District de Moudon
11573,25,Dachsen,392,2688600,1280000,1,Zürich,102,Bezirk Andelfingen
11574,214,Dägerlen,475,2696600,1268600,1,Zürich,110,Bezirk Winterthur
11575,5912,Démoret,733,2547900,1177600,22,Vaud,2219,District d'Yverdon
11576,5480,Daillens,501,2531800,1163600,22,Vaud,2204,District de Cossonay
11577,5602,Cully,379,2545600,1148800,22,Vaud,2208,District de Lavaux
11578,84,Dällikon,437,2675400,1254800,1,Zürich,104,Bezirk Dielsdorf
11579,5071,Dalpe,1211,2702600,1147800,21,Ticino,2103,Distretto di Leventina
11580,2572,Däniken,384,2641100,1245100,11,Solothurn,1108,Bezirk Olten
11581,85,Dänikon,441,2672900,1255400,1,Zürich,104,Bezirk Dielsdorf
11582,6620,Dardagny,433,2488600,1116900,25,Genève,2500,Canton de Genève
11583,215,Dättlikon,419,2689300,1264300,1,Zürich,110,Bezirk Winterthur
11584,1125,Dagmersellen,481,2641700,1229200,3,Luzern,305,Amt Willisau
11585,5710,Coinsins,474,2507700,1142100,22,Vaud,2211,District de Nyon
11586,6614,Choulex,439,2506400,1120000,25,Genève,2500,Canton de Genève
11587,5174,Cimadera,1098,2724300,1104400,21,Ticino,2105,Distretto di Lugano
11588,5175,Cimo,575,2712400,1095500,21,Ticino,2105,Distretto di Lugano
11589,5629,Clarmont,529,2524200,1155600,22,Vaud,2209,District de Morges
11590,5282,Claro,314,2722400,1124300,21,Ticino,2107,Distretto di Riviera
11591,6408,Cortaillod,482,2554900,1199200,24,Neuchâtel,2401,District de Boudry
11592,5311,Coglio,352,2696100,1124900,21,Ticino,2108,Distretto di Vallemaggia
11593,5628,Chigny,447,2526200,1152500,22,Vaud,2209,District de Morges
11594,5251,Coldrerio,348,2720300,1079200,21,Ticino,2106,Distretto di Mendrisio
11595,6615,Collex-Bossy,440,2498400,1125200,25,Genève,2500,Canton de Genève
11596,6152,Collombey-Muraz,406,2560600,1125300,23,Valais / Wallis,2308,District de Monthey
11597,6616,Collonge-Bellerive,419,2504400,1121800,25,Genève,2500,Canton de Genève
11598,6211,Collonges,458,2568900,1113400,23,Valais / Wallis,2310,District de Saint-Maurice
11599,6617,Cologny,449,2503100,1119200,25,Genève,2500,Canton de Genève
11600,6474,Coffrane,802,2556200,1206700,24,Neuchâtel,2405,District du Val-de-Ruz
11601,5476,Chevilly,580,2526300,1166200,22,Vaud,2204,District de Cossonay
11602,6234,Chermignon,1144,2602800,1126300,23,Valais / Wallis,2311,District de Sierre
11603,5666,Chesalles-sur-Moudon,705,2553700,1169500,22,Vaud,2210,District de Moudon
11604,5784,Chesalles-sur-Oron,785,2555100,1158600,22,Vaud,2213,District d'Oron
11605,5909,Cheseaux-Noréaz,525,2541400,1181100,22,Vaud,2219,District d'Yverdon
11606,5582,Cheseaux-sur-Lausanne,603,2536100,1159600,22,Vaud,2207,District de Lausanne
11607,5709,Chéserex,530,2502800,1139600,22,Vaud,2211,District de Nyon
11608,5070,Chironico,792,2708000,1142300,21,Ticino,2103,Distretto di Leventina
11609,5403,Chessel,379,2558100,1133300,22,Vaud,2201,District d'Aigle
11610,6235,Chippis,534,2608000,1125300,23,Valais / Wallis,2311,District de Sierre
11611,5813,Chevroux,457,2559600,1193200,22,Vaud,2214,District de Payerne
11612,5601,Chexbres,583,2549200,1148100,22,Vaud,2208,District de Lavaux
11613,2010,Cheyres,453,2550300,1185000,10,Fribourg / Freiburg,1001,District de la Broye
11614,6473,Chézard-Saint-Martin,764,2560700,1212700,24,Neuchâtel,2405,District du Val-de-Ruz
11615,5069,Chiggiogna,674,2706200,1147200,21,Ticino,2103,Distretto di Leventina
11616,5176,Comano,496,2717400,1099400,21,Ticino,2105,Distretto di Lugano
11617,2179,Chésopelloz,605,2572700,1184000,10,Fribourg / Freiburg,1004,District de la Sarine
11618,432,Cormoret,710,2570800,1224700,2,Bern / Berne,207,District de Courtelary
11619,6406,Colombier (NE),456,2556000,1201800,24,Neuchâtel,2401,District de Boudry
11620,2247,Cordast,600,2578200,1191900,10,Fribourg / Freiburg,1005,Bezirk See / District du Lac
11621,431,Corgémont,661,2577500,1227000,2,Bern / Berne,207,District de Courtelary
11622,5102,Corippo,603,2708100,1121500,21,Ticino,2104,Distretto di Locarno
11623,2181,Corjolens,625,2569500,1182000,10,Fribourg / Freiburg,1004,District de la Sarine
11624,2182,Cormagens,576,2576800,1187000,10,Fribourg / Freiburg,1004,District de la Sarine
11625,5816,Corcelles-près-Payerne,451,2563600,1186800,22,Vaud,2214,District de Payerne
11626,2183,Corminboeuf,633,2574500,1184200,10,Fribourg / Freiburg,1004,District de la Sarine
11627,5555,Corcelles-près-Concise,462,2544300,1188700,22,Vaud,2206,District de Grandson
11628,6451,Cornaux,444,2568200,1209800,24,Neuchâtel,2404,District de Neuchâtel
11629,2184,Corpataux,679,2574100,1177100,10,Fribourg / Freiburg,1004,District de la Sarine
11630,5667,Correvon,753,2546400,1174100,22,Vaud,2210,District de Moudon
11631,2249,Corsalettes,586,2571100,1188200,10,Fribourg / Freiburg,1005,Bezirk See / District du Lac
11632,5883,Corseaux,458,2552900,1147000,22,Vaud,2218,District de Vevey
11633,2185,Corserey,662,2565900,1180400,10,Fribourg / Freiburg,1004,District de la Sarine
11634,2248,Cormérod,605,2573200,1190500,10,Fribourg / Freiburg,1005,Bezirk See / District du Lac
11635,6023,Conthey,505,2589700,1119900,23,Valais / Wallis,2302,District de Conthey
11636,4274,Brittnau,451,2638500,1234300,19,Aargau,1910,Bezirk Zofingen
11637,5814,Combremont-le-Grand,673,2552600,1179100,22,Vaud,2214,District de Payerne
11638,5815,Combremont-le-Petit,665,2551900,1177700,22,Vaud,2214,District de Payerne
11639,5711,Commugny,421,2502600,1130500,22,Vaud,2211,District de Nyon
11640,5100,Comologno,1072,2687900,1117600,21,Ticino,2104,Distretto di Locarno
11641,5554,Concise,454,2545200,1189400,22,Vaud,2206,District de Grandson
11642,5751,Corcelles-sur-Chavornay,555,2535800,1172800,22,Vaud,2212,District d'Orbe
11643,5455,Constantine,508,2567500,1196500,22,Vaud,2203,District d'Avenches
11644,5630,Colombier (VD),528,2525900,1156600,22,Vaud,2209,District de Morges
11645,5101,Contone,207,2715000,1111900,21,Ticino,2104,Distretto di Locarno
11646,5712,Coppet,386,2504000,1130300,22,Vaud,2211,District de Nyon
11647,5404,Corbeyrier,961,2563200,1133400,22,Vaud,2201,District d'Aigle
11648,2129,Corbières,714,2574200,1167600,10,Fribourg / Freiburg,1003,District de la Gruyère
11649,6407,Corcelles-Cormondrèche,555,2556500,1203700,24,Neuchâtel,2401,District de Boudry
11650,5785,Corcelles-le-Jorat,781,2546600,1162000,22,Vaud,2213,District d'Oron
11651,6618,Confignon,430,2495500,1114500,25,Genève,2500,Canton de Genève
11652,5302,Avegno,292,2700700,1118200,21,Ticino,2108,Distretto di Vallemaggia
11653,6051,Ausserbinn,1294,2654600,1137000,23,Valais / Wallis,2304,Bezirk Goms
11654,322,Auswil,670,2630100,1220500,2,Bern / Berne,202,Amtsbezirk Aarwangen
11655,2172,Autafond,656,2572500,1184800,10,Fribourg / Freiburg,1004,District de la Sarine
11656,2002,Autavaux,475,2557200,1190600,10,Fribourg / Freiburg,1001,District de la Broye
11657,2173,Autigny,683,2568100,1176200,10,Fribourg / Freiburg,1004,District de la Sarine
11658,5145,Arosio,864,2713200,1100700,21,Ticino,2105,Distretto di Lugano
11659,4223,Auw,485,2670200,1229300,19,Aargau,1908,Bezirk Muri
11660,5092,Auressio,679,2696200,1117500,21,Ticino,2104,Distretto di Locarno
11661,5451,Avenches,478,2569600,1192200,22,Vaud,2203,District d'Avenches
11662,2122,Avry-devant-Pont,787,2573000,1170700,10,Fribourg / Freiburg,1003,District de la Gruyère
11663,2174,Avry-sur-Matran,677,2571900,1182000,10,Fribourg / Freiburg,1004,District de la Sarine
11664,6603,Avully,422,2489000,1114200,25,Genève,2500,Canton de Genève
11665,6604,Avusy,413,2489600,1111300,25,Genève,2500,Canton de Genève
11666,6082,Ayent,965,2597600,1125000,23,Valais / Wallis,2305,District d'Hérens
11667,6401,Auvernier,434,2557300,1202800,24,Neuchâtel,2401,District de Boudry
11668,4272,Attelwil,500,2645700,1234500,19,Aargau,1910,Bezirk Zofingen
11669,5305,Broglio,701,2694000,1136900,21,Ticino,2108,Distretto di Vallemaggia
11670,1362,Arth,465,2683500,1212100,5,Schwyz,506,Bezirk Schwyz
11671,5702,Arzier,863,2505500,1146100,22,Vaud,2211,District de Nyon
11672,5241,Arzo,500,2716700,1081600,21,Ticino,2106,Distretto di Mendrisio
11673,5091,Ascona,202,2702900,1112400,21,Ticino,2104,Distretto di Locarno
11674,5511,Assens,634,2537500,1162700,22,Vaud,2205,District d'Echallens
11675,6191,Ausserberg,1007,2631800,1129300,23,Valais / Wallis,2309,Bezirk Raron
11676,2321,Attalens,778,2554700,1151200,10,Fribourg / Freiburg,1007,District de la Veveyse
11677,5301,Aurigeno,348,2698200,1120700,21,Ticino,2108,Distretto di Vallemaggia
11678,1203,Attinghausen,474,2690900,1190700,4,Uri,400,Kanton Uri
11679,5422,Aubonne,507,2519600,1149800,22,Vaud,2202,District d'Aubonne
11680,2061,Auboranges,644,2551500,1159200,10,Fribourg / Freiburg,1002,District de la Glâne
11681,4091,Auenstein,366,2652900,1252000,19,Aargau,1904,Bezirk Brugg
11682,2001,Aumont,590,2555000,1183400,10,Fribourg / Freiburg,1001,District de la Broye
11683,51,Bachenbülach,430,2683600,1262000,1,Zürich,103,Bezirk Bülach
11684,5146,Astano,636,2706700,1096600,21,Ticino,2105,Distretto di Lugano
11685,52,Bassersdorf,461,2689800,1255500,1,Zürich,103,Bezirk Bülach
11686,6231,Ayer,1477,2612700,1114200,23,Valais / Wallis,2311,District de Sierre
11687,302,Bargen (BE),448,2586600,1209700,2,Bern / Berne,201,Amtsbezirk Aarberg
11688,2931,Bargen (SH),609,2687900,1294100,14,Schaffhausen,1403,Bezirk Schaffhausen
11689,403,Bäriswil,544,2606700,1207600,2,Bern / Berne,206,Amtsbezirk Burgdorf
11690,2611,Bärschwil,466,2602600,1247900,11,Solothurn,1110,Bezirk Thierstein
11691,2912,Barzheim,511,2696200,1290800,14,Schaffhausen,1402,Bezirk Reiat
11692,6605,Bardonnex,469,2497000,1111800,25,Genève,2500,Canton de Genève
11693,2701,Basel,267,2611300,1267600,12,Basel-Stadt,1200,Kanton Basel-Stadt
11694,2243,Barberêche,568,2578700,1189700,10,Fribourg / Freiburg,1005,Bezirk See / District du Lac
11695,5703,Bassins,751,2507400,1146600,22,Vaud,2211,District de Nyon
11696,2471,Bättwil,361,2605400,1259900,11,Solothurn,1104,Bezirk Dorneck
11697,1204,Bauen,434,2686900,1199000,4,Uri,400,Kanton Uri
11698,5745,Baulmes,641,2530100,1182500,22,Vaud,2212,District d'Orbe
11699,171,Bauma,639,2708700,1247300,1,Zürich,108,Bezirk Pfäffikon
11700,5746,Bavois,459,2533300,1170700,22,Vaud,2212,District d'Orbe
11701,4531,Basadingen,410,2698300,1280600,20,Thurgau,2003,Bezirk Diessenhofen
11702,2541,Balm bei Günsberg,648,2609100,1233600,11,Solothurn,1107,Bezirk Lebern
11703,5144,Arogno,603,2720100,1091000,21,Ticino,2105,Distretto di Lugano
11704,81,Bachs,462,2675400,1264300,1,Zürich,104,Bezirk Dielsdorf
11705,6031,Bagnes,1223,2585500,1101200,23,Valais / Wallis,2303,District d'Entremont
11706,4301,Baldingen,540,2666000,1267500,19,Aargau,1911,Bezirk Zurzach
11707,5242,Balerna,296,2721800,1078700,21,Ticino,2106,Distretto di Mendrisio
11708,5744,Ballaigues,866,2521700,1175900,22,Vaud,2212,District d'Orbe
11709,111,Bäretswil,705,2707200,1243800,1,Zürich,105,Bezirk Hinwil
11710,1023,Ballwil,503,2666900,1222800,3,Luzern,302,Amt Hochdorf
11711,1701,Baar,445,2682600,1227800,9,Zug,900,Kanton Zug
11712,2443,Balm bei Messen,473,2599500,1216900,11,Solothurn,1103,Bezirk Bucheggberg
11713,4721,Balterswil,572,2713100,1256900,20,Thurgau,2006,Bezirk Münchwilen
11714,6281,Baltschieder,644,2632800,1128700,23,Valais / Wallis,2313,Bezirk Visp
11716,323,Bannwil,421,2622500,1231800,2,Bern / Berne,202,Amtsbezirk Aarwangen
11717,5147,Barbengo,273,2713900,1090000,21,Ticino,2105,Distretto di Lugano
11718,5423,Ballens,706,2518400,1156500,22,Vaud,2202,District d'Aubonne
11719,5061,Airolo,1158,2689800,1153700,21,Ticino,2103,Distretto di Leventina
11720,6101,Agarn,626,2617400,1127200,23,Valais / Wallis,2306,Bezirk Leuk
11721,5742,Agiez,522,2528800,1174500,22,Vaud,2212,District d'Orbe
11722,5141,Agno,283,2713100,1095000,21,Ticino,2105,Distretto di Lugano
11723,5142,Agra,557,2714200,1091700,21,Ticino,2105,Distretto di Lugano
11724,2241,Agriswil,504,2581600,1200300,10,Fribourg / Freiburg,1005,Bezirk See / District du Lac
11725,5901,Arrissoules,639,2549700,1183300,22,Vaud,2219,District d'Yverdon
11726,6601,Aire-la-Ville,378,2492300,1116400,25,Genève,2500,Canton de Genève
11727,2442,Aetingen,482,2605000,1220100,11,Solothurn,1103,Bezirk Bucheggberg
11728,1121,Alberswil,519,2642700,1222500,3,Luzern,305,Amt Willisau
11729,2121,Albeuve,760,2570600,1151900,10,Fribourg / Freiburg,1003,District de la Gruyère
11730,6102,Albinen,1270,2615000,1132100,23,Valais / Wallis,2306,Bezirk Leuk
11731,402,Alchenstorf,501,2615500,1219200,2,Bern / Berne,206,Amtsbezirk Burgdorf
11732,5851,Allaman,404,2519900,1147100,22,Vaud,2216,District de Rolle
11733,2802,Allschwil,288,2607300,1266700,13,Basel-Landschaft,1301,Bezirk Arlesheim
11734,5401,Aigle,408,2563600,1129700,22,Vaud,2201,District d'Aigle
11735,21,Adlikon,447,2694300,1271000,1,Zürich,102,Bezirk Andelfingen
11736,4001,Aarau,388,2645800,1249000,19,Aargau,1901,Bezirk Aarau
11737,301,Aarberg,451,2587800,1210500,2,Bern / Berne,201,Amtsbezirk Aarberg
11738,4271,Aarburg,396,2634900,1241100,19,Aargau,1910,Bezirk Zofingen
11739,321,Aarwangen,436,2625100,1232200,2,Bern / Berne,202,Amtsbezirk Aarwangen
11740,4552,Aawangen,496,2710100,1263500,20,Thurgau,2004,Bezirk Frauenfeld
11741,4221,Abtwil,536,2669500,1225200,19,Aargau,1908,Bezirk Muri
11742,2,Affoltern am Albis,490,2676800,1236800,1,Zürich,101,Bezirk Affoltern
11743,1051,Adligenswil,535,2670300,1213700,3,Luzern,303,Amt Luzern
11744,4711,Affeltrangen,488,2719900,1265300,20,Thurgau,2006,Bezirk Münchwilen
11745,131,Adliswil,448,2682200,1240700,1,Zürich,106,Bezirk Horgen
11746,401,Aefligen,495,2609000,1216000,2,Bern / Berne,206,Amtsbezirk Burgdorf
11747,2801,Aesch (BL),316,2611900,1257500,13,Basel-Landschaft,1301,Bezirk Arlesheim
11748,1021,Aesch (LU),479,2660800,1234200,3,Luzern,302,Amt Hochdorf
11749,2441,Aetigkofen,609,2602100,1219400,11,Solothurn,1103,Bezirk Bucheggberg
11750,2242,Altavilla,540,2578300,1198100,10,Fribourg / Freiburg,1005,Bezirk See / District du Lac
11751,5621,Aclens,462,2528800,1157800,22,Vaud,2209,District de Morges
11752,381,Arch,457,2599300,1223900,2,Bern / Berne,205,Amtsbezirk Büren
11753,1401,Alpnach,455,2663600,1199200,6,Obwalden,600,Kanton Obwalden
11754,5062,Anzonico,978,2709400,1143200,21,Ticino,2103,Distretto di Leventina
11755,5421,Apples,632,2522500,1156200,22,Vaud,2202,District d'Aubonne
11756,5031,Aquila,778,2715800,1151400,21,Ticino,2102,Distretto di Blenio
11757,5143,Aranno,733,2710900,1097200,21,Ticino,2105,Distretto di Lugano
11758,6261,Arbaz,1143,2595800,1124600,23,Valais / Wallis,2312,District de Sion
11759,4901,Andwil (TG),474,2733700,1270000,20,Thurgau,2008,Bezirk Weinfelden
11760,4401,Arbon,399,2750000,1264300,20,Thurgau,2001,Bezirk Arbon
11761,4891,Andhausen,541,2731000,1271100,20,Thurgau,2008,Bezirk Weinfelden
11762,2171,Arconciel,723,2575900,1177300,10,Fribourg / Freiburg,1004,District de la Sarine
11763,6021,Ardon,488,2586000,1117800,23,Valais / Wallis,2302,District de Conthey
11764,4222,Aristau,392,2670000,1237700,19,Aargau,1908,Bezirk Muri
11765,2803,Arlesheim,330,2613700,1260400,13,Basel-Landschaft,1301,Bezirk Arlesheim
11766,5701,Arnex-sur-Nyon,454,2504000,1136700,22,Vaud,2211,District de Nyon
11767,5743,Arnex-sur-Orbe,537,2529700,1171700,22,Vaud,2212,District d'Orbe
11768,5001,Arbedo-Castione,263,2723900,1119200,21,Ticino,2101,Distretto di Bellinzona
11769,4632,Altishausen,571,2730300,1273700,20,Thurgau,2005,Bezirk Kreuzlingen
11770,5149,Bedigliora,617,2708700,1095500,21,Ticino,2105,Distretto di Lugano
11771,1122,Altbüron,565,2633600,1225600,3,Luzern,305,Amt Willisau
11772,2911,Altdorf (SH),513,2691500,1293400,14,Schaffhausen,1402,Bezirk Reiat
11773,1201,Altdorf (UR),460,2691800,1192900,4,Uri,400,Kanton Uri
11774,1341,Altendorf,423,2705500,1227700,5,Schwyz,505,Bezirk March
11775,2291,Alterswil,752,2586400,1182600,10,Fribourg / Freiburg,1006,Bezirk Sense
11776,6602,Anières,405,2506300,1125700,25,Genève,2500,Canton de Genève
11777,211,Altikon,395,2701000,1270000,1,Zürich,110,Bezirk Winterthur
11778,1361,Alpthal,995,2697000,1214100,5,Schwyz,506,Bezirk Schwyz
11779,1123,Altishofen,497,2639600,1228000,3,Luzern,305,Amt Willisau
11780,4641,Altnau,450,2736800,1274800,20,Thurgau,2005,Bezirk Kreuzlingen
11781,1022,Altwis,487,2661600,1232200,3,Luzern,302,Amt Hochdorf
11782,4881,Amlikon,420,2721900,1270100,20,Thurgau,2008,Bezirk Weinfelden
11783,4191,Ammerswil,454,2658100,1246800,19,Aargau,1907,Bezirk Lenzburg
11784,1202,Andermatt,1440,2688600,1165400,4,Uri,400,Kanton Uri
11785,4631,Alterswilen,519,2729000,1274700,20,Thurgau,2005,Bezirk Kreuzlingen
11786,82,Boppelsen,512,2672600,1258200,1,Zürich,104,Bezirk Dielsdorf
11787,2003,Bollion,566,2553200,1185300,10,Fribourg / Freiburg,1001,District de la Broye
11788,4951,Bonau,413,2720800,1271500,20,Thurgau,2008,Bezirk Weinfelden
11789,2571,Boningen,420,2631600,1239800,11,Solothurn,1108,Bezirk Olten
11790,4192,Boniswil,475,2656500,1240800,19,Aargau,1907,Bezirk Lenzburg
11791,2176,Bonnefontaine,780,2581900,1176700,10,Fribourg / Freiburg,1004,District de la Sarine
11792,1501,Beckenried,446,2678800,1202200,7,Nidwalden,700,Kanton Nidwalden
11793,5551,Bonvillars,474,2541400,1187800,22,Vaud,2206,District de Grandson
11794,5705,Bogis-Bossey,470,2502100,1134400,22,Vaud,2211,District de Nyon
11795,5706,Borex,472,2502900,1137200,22,Vaud,2211,District de Nyon
11796,5094,Borgnone,884,2690500,1112800,21,Ticino,2104,Distretto di Locarno
11797,5156,Bosco Luganese,523,2713800,1098200,21,Ticino,2105,Distretto di Lugano
11798,5304,Bosco/Gurin,1495,2681100,1130000,21,Ticino,2108,Distretto di Vallemaggia
11799,2323,Bossonnens,752,2554700,1152400,10,Fribourg / Freiburg,1007,District de la Veveyse
11800,4228,Boswil,456,2666100,1239200,19,Aargau,1908,Bezirk Muri
11801,3,Bonstetten,544,2677800,1241000,1,Zürich,101,Bezirk Affoltern
11802,2065,Blessens,706,2554000,1162300,10,Fribourg / Freiburg,1002,District de la Glâne
11803,4902,Birwinken,550,2732300,1271600,20,Thurgau,2008,Bezirk Weinfelden
11804,4471,Bischofszell,507,2736000,1261800,20,Thurgau,2002,Bezirk Bischofszell
11805,4882,Bissegg,506,2721100,1269200,20,Thurgau,2008,Bezirk Weinfelden
11806,5154,Bissone,282,2718400,1090200,21,Ticino,2105,Distretto di Lugano
11807,6172,Bister,1057,2648200,1134500,23,Valais / Wallis,2309,Bezirk Raron
11808,6173,Bitsch,902,2643900,1132100,23,Valais / Wallis,2309,Bezirk Raron
11809,6403,Bôle,532,2554400,1202000,24,Neuchâtel,2401,District de Boudry
11810,324,Bleienbach,495,2624100,1226000,2,Bern / Berne,202,Amtsbezirk Aarwangen
11811,5155,Bogno,966,2725600,1105600,21,Ticino,2105,Distretto di Lugano
11812,6055,Blitzingen,1290,2658700,1143800,23,Valais / Wallis,2304,Bezirk Goms
11813,5881,Blonay,614,2558200,1146000,22,Vaud,2218,District de Vevey
11814,4302,Böbikon,445,2667300,1267400,19,Aargau,1911,Bezirk Zurzach
11815,5064,Bodio,321,2713400,1137300,21,Ticino,2103,Distretto di Leventina
11816,5747,Bofflens,579,2528100,1172900,22,Vaud,2212,District d'Orbe
11817,2123,Botterens,738,2575000,1163400,10,Fribourg / Freiburg,1003,District de la Gruyère
11818,6192,Blatten,1540,2629300,1141100,23,Valais / Wallis,2309,Bezirk Raron
11819,5515,Bretigny-sur-Morrens,719,2538900,1161100,22,Vaud,2205,District d'Echallens
11820,5514,Bottens,730,2540300,1163300,22,Vaud,2205,District d'Echallens
11821,5158,Breganzona,433,2715400,1096100,21,Ticino,2105,Distretto di Lugano
11822,2613,Breitenbach,393,2607900,1250700,11,Solothurn,1110,Bezirk Thierstein
11823,5622,Bremblens,470,2529400,1155400,22,Vaud,2209,District de Morges
11824,4063,Bremgarten (AG),386,2668400,1244800,19,Aargau,1903,Bezirk Bremgarten
11825,353,Bremgarten bei Bern,520,2600000,1203100,2,Bern / Berne,203,Amtsbezirk Bern
11826,4771,Braunau,671,2723100,1262600,20,Thurgau,2006,Bezirk Münchwilen
11827,5159,Breno,781,2710900,1098900,21,Ticino,2105,Distretto di Lugano
11828,6103,Bratsch,1118,2620800,1130000,23,Valais / Wallis,2306,Bezirk Leuk
11829,5748,Bretonnières,683,2526100,1174000,22,Vaud,2212,District d'Orbe
11830,3512,Brienz (GR),1138,2765100,1170900,18,Graubünden / Grigioni / Grischun,1801,Bezirk Albula
11831,5095,Brione (Verzasca),756,2704200,1128200,21,Ticino,2104,Distretto di Locarno
11832,5096,Brione sopra Minusio,440,2706300,1115600,21,Ticino,2104,Distretto di Locarno
11833,5097,Brissago,216,2698300,1108300,21,Ticino,2104,Distretto di Locarno
11834,2252,Cournillens,577,2574300,1189600,10,Fribourg / Freiburg,1005,Bezirk See / District du Lac
11835,5662,Brenles,761,2555300,1169100,22,Vaud,2210,District de Moudon
11836,2324,Bouloz,866,2557300,1162400,10,Fribourg / Freiburg,1007,District de la Veveyse
11837,4093,Birrhard,398,2660800,1254400,19,Aargau,1904,Bezirk Brugg
11838,4686,Bottighofen,409,2732800,1278000,20,Thurgau,2005,Bezirk Kreuzlingen
11839,2808,Bottmingen,294,2610100,1263600,13,Basel-Landschaft,1301,Bezirk Arlesheim
11840,4303,Böttstein,319,2660900,1269100,19,Aargau,1911,Bezirk Zurzach
11841,6471,Boudevilliers,754,2558200,1208600,24,Neuchâtel,2405,District du Val-de-Ruz
11842,6404,Boudry,445,2554300,1200000,24,Neuchâtel,2401,District de Boudry
11843,1603,Braunwald,1408,2718600,1200300,8,Glarus,800,Kanton Glarus
11844,5661,Boulens,717,2545000,1170300,22,Vaud,2210,District de Moudon
11845,4273,Bottenwil,489,2642900,1237300,19,Aargau,1910,Bezirk Zofingen
11846,6032,Bourg-Saint-Pierre,1623,2582100,1088700,23,Valais / Wallis,2303,District d'Entremont
11847,5472,Bournens,559,2532900,1161800,22,Vaud,2204,District de Cossonay
11848,5473,Boussens,594,2534400,1161700,22,Vaud,2204,District de Cossonay
11849,6502,Boveresse,734,2536200,1196500,24,Neuchâtel,2406,District du Val-de-Travers
11850,6131,Bovernier,617,2572800,1103200,23,Valais / Wallis,2307,District de Martigny
11851,4094,Bözen,402,2648600,1260600,19,Aargau,1904,Bezirk Brugg
11852,5426,Bougy-Villars,546,2516800,1148100,22,Vaud,2202,District d'Aubonne
11853,6607,Bernex,456,2494600,1114700,25,Genève,2500,Canton de Genève
11854,2322,Besencens,881,2556400,1159700,10,Fribourg / Freiburg,1007,District de la Veveyse
11855,23,Berg am Irchel,411,2687200,1269400,1,Zürich,102,Bezirk Andelfingen
11856,4023,Bergdietikon,502,2671600,1249000,19,Aargau,1902,Bezirk Baden
11857,4062,Berikon,550,2670800,1244800,19,Aargau,1903,Bezirk Bremgarten
11858,2932,Beringen,456,2685300,1283700,14,Schaffhausen,1403,Bezirk Schaffhausen
11859,2062,Berlens,808,2562900,1171500,10,Fribourg / Freiburg,1002,District de la Glâne
11860,4225,Benzenschwil,455,2670100,1233400,19,Aargau,1908,Bezirk Muri
11861,351,Bern,541,2600100,1199700,2,Bern / Berne,203,Amtsbezirk Bern
11862,22,Benken (ZH),423,2691300,1278800,1,Zürich,102,Bezirk Andelfingen
11863,5424,Berolle,759,2515500,1156900,22,Vaud,2202,District d'Aubonne
11864,1081,Beromünster,641,2657000,1228600,3,Luzern,304,Amt Sursee
11865,212,Bertschikon,505,2703600,1264900,1,Zürich,110,Bezirk Winterthur
11866,5093,Berzona,784,2694500,1117800,21,Ticino,2104,Distretto di Locarno
11867,5243,Besazio,489,2717500,1081300,21,Ticino,2106,Distretto di Mendrisio
11868,2807,Birsfelden,257,2613900,1266900,13,Basel-Landschaft,1301,Bezirk Arlesheim
11869,4801,Berlingen,415,2718700,1281300,20,Thurgau,2007,Bezirk Steckborn
11870,5452,Bellerive (VD),437,2568300,1196500,22,Vaud,2203,District d'Avenches
11871,2124,Broc,719,2574000,1161400,10,Fribourg / Freiburg,1003,District de la Gruyère
11872,5063,Bedretto,1412,2682300,1151100,21,Ticino,2103,Distretto di Leventina
11873,2951,Beggingen,547,2682400,1291300,14,Schaffhausen,1404,Bezirk Schleitheim
11874,5704,Begnins,538,2508700,1144000,22,Vaud,2211,District de Nyon
11875,4224,Beinwil (Freiamt),578,2668700,1231500,19,Aargau,1908,Bezirk Muri
11876,2612,Beinwil (SO),581,2611200,1245700,11,Solothurn,1110,Bezirk Thierstein
11877,4892,Berg (TG),552,2730000,1271200,20,Thurgau,2008,Bezirk Weinfelden
11878,2542,Bellach,435,2604000,1229000,11,Solothurn,1107,Bezirk Lebern
11879,1601,Betschwanden,603,2721000,1200600,8,Glarus,800,Kanton Glarus
11880,6606,Bellevue,378,2501000,1123500,25,Genève,2500,Canton de Genève
11881,4022,Bellikon,594,2668400,1249100,19,Aargau,1902,Bezirk Baden
11882,5002,Bellinzona,236,2722400,1116800,21,Ticino,2101,Distretto di Bellinzona
11883,6052,Bellwald,1560,2655500,1141600,23,Valais / Wallis,2304,Bezirk Goms
11884,5581,Belmont-sur-Lausanne,620,2541700,1152400,22,Vaud,2207,District de Lausanne
11885,5902,Belmont-sur-Yverdon,532,2537800,1177500,22,Vaud,2219,District d'Yverdon
11886,4131,Beinwil am See,522,2657800,1235300,19,Aargau,1905,Bezirk Kulm
11887,5513,Bioley-Orjulaz,601,2535700,1163600,22,Vaud,2205,District d'Echallens
11888,4226,Besenbüren,454,2668500,1240600,19,Aargau,1908,Bezirk Muri
11889,5303,Bignasco,443,2690100,1132600,21,Ticino,2108,Distretto di Vallemaggia
11890,2063,Billens,737,2558700,1171200,10,Fribourg / Freiburg,1002,District de la Glâne
11891,1602,Bilten,443,2720100,1223200,8,Glarus,800,Kanton Glarus
11892,6054,Binn,1398,2657300,1135000,23,Valais / Wallis,2304,Bezirk Goms
11893,2806,Binningen,296,2610000,1265200,13,Basel-Landschaft,1301,Bezirk Arlesheim
11894,5425,Bière,695,2515200,1154600,22,Vaud,2202,District d'Aubonne
11895,5903,Bioley-Magnoux,574,2544400,1175300,22,Vaud,2219,District d'Yverdon
11896,6053,Biel (VS),1316,2659800,1145200,23,Valais / Wallis,2304,Bezirk Goms
11897,2064,Bionnens,833,2555100,1164800,10,Fribourg / Freiburg,1002,District de la Glâne
11898,6001,Birgisch,1035,2640200,1129600,23,Valais / Wallis,2301,Bezirk Brig
11899,4024,Birmenstorf (AG),385,2661000,1257100,19,Aargau,1902,Bezirk Baden
11900,5153,Bironico,448,2715500,1108000,21,Ticino,2105,Distretto di Lugano
11901,4092,Birr,406,2657500,1254300,19,Aargau,1904,Bezirk Brugg
11902,5148,Bedano,368,2714500,1101000,21,Ticino,2105,Distretto di Lugano
11903,5151,Bioggio,301,2713800,1096800,21,Ticino,2105,Distretto di Lugano
11904,5281,Biasca,302,2717900,1135500,21,Ticino,2107,Distretto di Riviera
11905,6171,Betten,1174,2648600,1136300,23,Valais / Wallis,2309,Bezirk Raron
11906,5471,Bettens,583,2534000,1164400,22,Vaud,2204,District de Cossonay
11907,2702,Bettingen,388,2617100,1268900,12,Basel-Stadt,1200,Kanton Basel-Stadt
11908,2543,Bettlach,480,2598900,1228000,11,Solothurn,1107,Bezirk Lebern
11909,4736,Bettwiesen,549,2719600,1261900,20,Thurgau,2006,Bezirk Münchwilen
11910,4227,Bettwil,692,2662700,1238100,19,Aargau,1908,Bezirk Muri
11911,2445,Biezwil,587,2598400,1218100,11,Solothurn,1103,Bezirk Bucheggberg
11912,5402,Bex,425,2567300,1122200,22,Vaud,2201,District d'Aigle
11913,4132,Birrwil,555,2657300,1238000,19,Aargau,1905,Bezirk Kulm
11914,2913,Bibern (SH),459,2692900,1292100,14,Schaffhausen,1402,Bezirk Reiat
11915,2444,Bibern (SO),514,2601400,1221700,11,Solothurn,1103,Bezirk Bucheggberg
11916,4002,Biberstein,374,2648500,1251600,19,Aargau,1901,Bezirk Aarau
11917,4722,Bichelsee,597,2711900,1256400,20,Thurgau,2006,Bezirk Münchwilen
11918,5150,Bidogno,786,2720800,1104200,21,Ticino,2105,Distretto di Lugano
11919,371,Biel (BE),435,2585500,1221200,2,Bern / Berne,204,Amtsbezirk Biel
11920,6402,Bevaix,476,2552500,1197900,24,Neuchâtel,2401,District de Boudry
11921,2017,Font,463,2552800,1187400,10,Fribourg / Freiburg,1001,District de la Broye
11922,4656,Güttingen,419,2739000,1274200,20,Thurgau,2005,Bezirk Kreuzlingen
11923,2547,Günsberg,619,2610500,1234100,11,Solothurn,1107,Bezirk Lebern
11924,5672,Forel-sur-Lucens,672,2553000,1175300,22,Vaud,2210,District de Moudon
11925,5604,Forel (Lavaux),720,2548700,1154600,22,Vaud,2208,District de Lavaux
11926,2018,Forel (FR),465,2558000,1191800,10,Fribourg / Freiburg,1001,District de la Broye
11927,4554,Guntershausen bei Aadorf,547,2711300,1259400,20,Thurgau,2004,Bezirk Frauenfeld
11928,5558,Fontanezier,814,2540200,1189400,22,Vaud,2206,District de Grandson
11929,5557,Fontaines-sur-Grandson,561,2537500,1187400,22,Vaud,2206,District de Grandson
11930,4903,Guntershausen bei Birwinken,504,2731700,1270500,20,Thurgau,2008,Bezirk Weinfelden
11931,6479,Fontaines (NE),764,2559200,1210500,24,Neuchâtel,2405,District du Val-de-Ruz
11932,5717,Founex,396,2504100,1132100,22,Vaud,2211,District de Nyon
11933,2902,Guntmadingen,439,2684000,1282300,14,Schaffhausen,1401,Bezirk Oberklettgau
11934,2019,Franex,588,2552900,1182500,10,Fribourg / Freiburg,1001,District de la Broye
11935,29,Flurlingen,394,2689400,1282000,1,Zürich,102,Bezirk Andelfingen
11936,2578,Gunzgen,433,2629500,1240600,11,Solothurn,1108,Bezirk Olten
11937,2545,Flumenthal,428,2612200,1231700,11,Solothurn,1107,Bezirk Lebern
11938,1004,Flühli,883,2644000,1192600,3,Luzern,301,Amt Entlebuch
11939,1087,Gunzwil,663,2656100,1229300,3,Luzern,304,Amt Sursee
11940,1207,Flüelen,435,2690400,1195600,4,Uri,400,Kanton Uri
11941,1209,Gurtnellen,925,2691000,1177100,4,Uri,400,Kanton Uri
11942,327,Gutenburg,523,2627000,1225800,2,Bern / Berne,202,Amtsbezirk Aarwangen
11943,6506,Fleurier,743,2534600,1194900,24,Neuchâtel,2406,District du Val-de-Travers
11944,2200,Grolley,625,2571900,1187000,10,Fribourg / Freiburg,1004,District de la Sarine
11945,6478,Fontainemelon,863,2558300,1211800,24,Neuchâtel,2405,District du Val-de-Ruz
11946,4028,Freienwil,462,2666900,1261800,19,Aargau,1902,Bezirk Baden
11947,5458,Faoug,449,2572500,1195300,22,Vaud,2203,District d'Avenches
11948,303,Grossaffoltern,510,2594100,1212800,2,Bern / Berne,201,Amtsbezirk Aarberg
11949,1131,Grossdietwil,580,2634000,1224500,3,Luzern,305,Amt Willisau
11950,5523,Froideville,804,2542100,1161300,22,Vaud,2205,District d'Echallens
11951,1086,Grosswangen,542,2646300,1220400,3,Luzern,304,Amt Sursee
11952,4922,Friltschen,523,2723900,1266600,20,Thurgau,2008,Bezirk Weinfelden
11953,4163,Frick,346,2643900,1262000,19,Aargau,1906,Bezirk Laufenburg
11954,2196,Fribourg,644,2577900,1183600,10,Fribourg / Freiburg,1004,District de la Sarine
11955,6409,Fresens,606,2547200,1193200,24,Neuchâtel,2401,District de Boudry
11956,3031,Grub (AR),793,2756200,1257400,15,Appenzell Ausserrhoden,1503,Bezirk Vorderland
11957,4861,Gündelhart-Hörhausen,548,2715100,1276900,20,Thurgau,2007,Bezirk Steckborn
11958,2135,Gruyères,799,2572700,1159200,10,Fribourg / Freiburg,1003,District de la Gruyère
11959,6624,Gy,457,2508900,1123000,25,Genève,2500,Canton de Genève
11960,57,Freienstein-Teufen,375,2686300,1265100,1,Zürich,103,Bezirk Bülach
11961,1322,Freienbach,415,2701400,1228700,5,Schwyz,503,Bezirk Höfe
11962,5405,Gryon,1122,2571000,1124800,22,Vaud,2201,District d'Aigle
11963,5008,Gudo,226,2716800,1114900,21,Ticino,2101,Distretto di Bellinzona
11964,4566,Frauenfeld,405,2709600,1268400,20,Thurgau,2004,Bezirk Frauenfeld
11965,2020,Frasses,481,2556100,1186300,10,Fribourg / Freiburg,1001,District de la Broye
11966,4402,Frasnacht,415,2748000,1266000,20,Thurgau,2001,Bezirk Arbon
11967,2136,Gumefens,726,2572300,1169600,10,Fribourg / Freiburg,1003,District de la Gruyère
11968,5105,Frasco,875,2705000,1132900,21,Ticino,2104,Distretto di Locarno
11969,2258,Fräschels,460,2582500,1205200,10,Fribourg / Freiburg,1005,Bezirk See / District du Lac
11970,116,Grüningen,492,2700200,1237900,1,Zürich,105,Bezirk Hinwil
11971,1611,Hätzingen,596,2721700,1202300,8,Glarus,800,Kanton Glarus
11972,6108,Guttet,1307,2617500,1130400,23,Valais / Wallis,2306,Bezirk Leuk
11973,27,Feuerthalen,412,2690400,1283000,1,Zürich,102,Bezirk Andelfingen
11974,2016,Fétigny,465,2560100,1183100,10,Fribourg / Freiburg,1001,District de la Broye
11975,5183,Fescoggia,846,2711300,1099800,21,Ticino,2105,Distretto di Lugano
11976,6106,Feschel,1270,2618600,1131000,23,Valais / Wallis,2306,Bezirk Leuk
11977,5483,Ferreyres,564,2527000,1167900,22,Vaud,2204,District de Cossonay
11978,2194,Ferpicloz,763,2579300,1177400,10,Fribourg / Freiburg,1004,District de la Sarine
11979,5789,Ferlens (VD),750,2549900,1159900,22,Vaud,2213,District d'Oron
11980,406,Hasle bei Burgdorf,570,2616500,1207300,2,Bern / Berne,206,Amtsbezirk Burgdorf
11981,1610,Haslen,578,2723100,1204600,8,Glarus,800,Kanton Glarus
11982,5522,Fey,641,2542200,1169600,22,Vaud,2205,District d'Echallens
11983,6477,Fenin-Vilars-Saules,748,2561100,1209000,24,Neuchâtel,2405,District du Val-de-Ruz
11984,2327,Fiaugères,854,2558000,1159500,10,Fribourg / Freiburg,1007,District de la Veveyse
11985,2491,Hauenstein-Ifenthal,716,2631500,1247100,11,Solothurn,1105,Bezirk Gösgen
11986,2544,Feldbrunnen-St. Niklaus,453,2608900,1230000,11,Solothurn,1107,Bezirk Lebern
11987,4487,Hauptwil,543,2736700,1260300,20,Thurgau,2002,Bezirk Bischofszell
11988,2616,Fehren,585,2610600,1249500,11,Solothurn,1110,Bezirk Thierstein
11989,172,Fehraltorf,532,2699200,1249400,1,Zürich,108,Bezirk Pfäffikon
11990,5427,Féchy,477,2518000,1148300,22,Vaud,2202,District d'Aubonne
11991,326,Gondiswil,670,2632900,1221800,2,Bern / Berne,202,Amtsbezirk Aarwangen
11992,4,Hausen am Albis,609,2682900,1233100,1,Zürich,101,Bezirk Affoltern
11993,4572,Gerlikon,546,2708300,1266100,20,Thurgau,2004,Bezirk Frauenfeld
11994,4100,Hausen bei Brugg,380,2658300,1257100,19,Aargau,1904,Bezirk Brugg
11995,6195,Ferden,1370,2624700,1138100,23,Valais / Wallis,2309,Bezirk Raron
11996,4197,Hallwil,471,2655700,1242300,19,Aargau,1907,Bezirk Lenzburg
11997,28,Flaach,361,2688000,1270100,1,Zürich,102,Bezirk Andelfingen
11998,4027,Fislisbach,426,2664400,1254300,19,Aargau,1902,Bezirk Baden
11999,4306,Fisibach,375,2672900,1268400,19,Aargau,1911,Bezirk Zurzach
12000,4099,Habsburg,466,2656300,1257100,19,Aargau,1904,Bezirk Brugg
12001,220,Hagenbuch,533,2709200,1264400,1,Zürich,110,Bezirk Winterthur
12002,114,Fischenthal,743,2712100,1243400,1,Zürich,105,Bezirk Hinwil
12003,2579,Hägendorf,440,2630500,1242800,11,Solothurn,1108,Bezirk Olten
12004,4068,Hägglingen,473,2661600,1248800,19,Aargau,1903,Bezirk Bremgarten
12005,4497,Halden,487,2733400,1263000,20,Thurgau,2002,Bezirk Bischofszell
12006,4067,Fischbach-Göslikon,373,2665900,1246900,19,Aargau,1903,Bezirk Bremgarten
12007,1321,Feusisberg,685,2699200,1227100,5,Schwyz,503,Bezirk Höfe
12008,1129,Fischbach,633,2635600,1222800,3,Luzern,305,Amt Willisau
12009,2617,Grindel,574,2604800,1247800,11,Solothurn,1110,Bezirk Thierstein
12010,6214,Finhaut,1247,2564300,1103600,23,Valais / Wallis,2310,District de Saint-Maurice
12011,1608,Filzbach,717,2728200,1220200,8,Glarus,800,Kanton Glarus
12012,1028,Hämikon,683,2663400,1232300,3,Luzern,302,Amt Hochdorf
12013,4904,Happerswil-Buch,527,2734300,1271200,20,Thurgau,2008,Bezirk Weinfelden
12014,4582,Harenwilen,541,2717500,1270100,20,Thurgau,2004,Bezirk Frauenfeld
12015,6174,Filet,1004,2647400,1135200,23,Valais / Wallis,2309,Bezirk Raron
12016,5556,Fiez,518,2537900,1186600,22,Vaud,2206,District de Grandson
12017,6058,Fieschertal,1138,2654200,1141800,23,Valais / Wallis,2304,Bezirk Goms
12018,6057,Fiesch,1057,2653400,1139300,23,Valais / Wallis,2304,Bezirk Goms
12019,1005,Hasle (LU),717,2646600,1203400,3,Luzern,301,Amt Entlebuch
12020,2971,Hallau,422,2676500,1283400,14,Schaffhausen,1406,Bezirk Unterklettgau
12021,5107,Gerra (Verzasca),854,2704900,1130500,21,Ticino,2104,Distretto di Locarno
12022,5185,Gentilino,388,2715700,1094300,21,Ticino,2105,Distretto di Lugano
12023,115,Gossau (ZH),455,2699600,1240400,1,Zürich,105,Bezirk Hinwil
12024,2294,Giffers,766,2582600,1178900,10,Fribourg / Freiburg,1006,Bezirk Sense
12025,5559,Giez,521,2537400,1184800,22,Vaud,2206,District de Grandson
12026,5917,Gossens,538,2543600,1176900,22,Vaud,2219,District d'Yverdon
12027,5036,Ghirone,1295,2715300,1158700,21,Ticino,2102,Distretto di Blenio
12028,2449,Gossliwil,537,2599700,1220600,11,Solothurn,1103,Bezirk Bucheggberg
12029,1085,Geuensee,504,2650700,1227700,3,Luzern,304,Amt Sursee
12030,1130,Gettnau,545,2640200,1221200,3,Luzern,305,Amt Willisau
12031,6059,Geschinen,1350,2664600,1149700,23,Valais / Wallis,2304,Bezirk Goms
12032,1208,Göschenen,1101,2687900,1169100,4,Uri,400,Kanton Uri
12033,1311,Gersau,444,2682700,1205100,5,Schwyz,502,Bezirk Gersau
12034,5857,Gilly,482,2512300,1145800,22,Vaud,2216,District de Rolle
12035,4651,Gottlieben,397,2727400,1280600,20,Thurgau,2005,Bezirk Kreuzlingen
12036,4486,Gottshaus,561,2739000,1261900,20,Thurgau,2002,Bezirk Bischofszell
12037,5106,Gerra (Gambarogno),248,2704100,1108700,21,Ticino,2104,Distretto di Locarno
12038,5524,Goumoens-la-Ville,617,2536100,1167800,22,Vaud,2205,District d'Echallens
12039,5525,Goumoens-le-Jux,590,2534900,1168500,22,Vaud,2205,District d'Echallens
12040,6285,Grächen,1625,2630900,1116000,23,Valais / Wallis,2313,Bezirk Visp
12041,4893,Graltshausen,581,2731100,1273200,20,Thurgau,2008,Bezirk Weinfelden
12042,5186,Grancia,327,2715500,1091800,21,Ticino,2105,Distretto di Lugano
12043,5485,Grancy,581,2525400,1160600,22,Vaud,2204,District de Cossonay
12044,6238,Grône,517,2601300,1122200,23,Valais / Wallis,2311,District de Sierre
12045,4507,Götighofen,505,2733800,1266500,20,Thurgau,2002,Bezirk Bischofszell
12046,5720,Givrins,564,2504900,1142700,22,Vaud,2211,District de Nyon
12047,4135,Gontenschwil,532,2653400,1235800,19,Aargau,1905,Bezirk Kulm
12048,5484,Gollion,505,2528700,1159800,22,Vaud,2204,District de Cossonay
12049,6175,Goppisberg,1360,2647000,1135800,23,Valais / Wallis,2309,Bezirk Raron
12050,5314,Gordevio,336,2700800,1120400,21,Ticino,2108,Distretto di Vallemaggia
12051,5108,Gordola,238,2710000,1115500,21,Ticino,2104,Distretto di Locarno
12052,5006,Gnosca,271,2722100,1121400,21,Ticino,2101,Distretto di Bellinzona
12053,6060,Gluringen,1340,2660900,1146200,23,Valais / Wallis,2304,Bezirk Goms
12054,5007,Gorduno,277,2723000,1119600,21,Ticino,2101,Distretto di Bellinzona
12055,2022,Gletterens,486,2561800,1193900,10,Fribourg / Freiburg,1001,District de la Broye
12056,58,Glattfelden,371,2680000,1268000,1,Zürich,103,Bezirk Bülach
12057,2077,Gillarens,678,2553200,1159700,10,Fribourg / Freiburg,1002,District de la Glâne
12058,5721,Gland,425,2509700,1141700,22,Vaud,2211,District de Nyon
12059,5560,Grandevent,665,2536500,1187800,22,Vaud,2206,District de Grandson
12060,2197,Givisiez,632,2576500,1184800,10,Fribourg / Freiburg,1004,District de la Sarine
12061,5313,Giumaglio,368,2695900,1125500,21,Ticino,2108,Distretto di Vallemaggia
12062,5005,Giubiasco,241,2721400,1114700,21,Ticino,2101,Distretto di Bellinzona
12063,1403,Giswil,483,2657100,1187800,6,Obwalden,600,Kanton Obwalden
12064,1055,Gisikon,425,2672900,1220000,3,Luzern,303,Amt Luzern
12065,4165,Gipf-Oberfrick,370,2642500,1260900,19,Aargau,1906,Bezirk Laufenburg
12066,5073,Giornico,391,2710600,1140000,21,Ticino,2103,Distretto di Leventina
12067,6410,Gorgier,493,2549800,1194900,24,Neuchâtel,2401,District de Boudry
12068,5719,Gingins,541,2503100,1140500,22,Vaud,2211,District de Nyon
12069,5428,Gimel,731,2513200,1151500,22,Vaud,2202,District d'Aubonne
12070,1609,Glarus,475,2723700,1211300,8,Glarus,800,Kanton Glarus
12071,2901,Gächlingen,454,2679700,1284200,14,Schaffhausen,1401,Bezirk Oberklettgau
12072,5817,Grandcour,483,2561200,1191300,22,Vaud,2214,District de Payerne
12073,194,Greifensee,442,2693600,1246800,1,Zürich,109,Bezirk Uster
12074,4098,Gallenkirch,568,2651900,1258900,19,Aargau,1904,Bezirk Brugg
12075,1342,Galgenen,426,2708800,1226700,5,Schwyz,505,Bezirk March
12076,2546,Grenchen,454,2596700,1226900,11,Solothurn,1107,Bezirk Lebern
12077,3022,Gais,934,2752200,1247700,15,Appenzell Ausserrhoden,1502,Bezirk Mittelland
12078,2261,Greng,449,2573800,1195600,10,Fribourg / Freiburg,1005,Bezirk See / District du Lac
12079,6177,Grengiols,984,2650400,1135900,23,Valais / Wallis,2309,Bezirk Raron
12080,4571,Gachnang,451,2706500,1266200,20,Thurgau,2004,Bezirk Frauenfeld
12081,2199,Grenilles,686,2570300,1175200,10,Fribourg / Freiburg,1004,District de la Sarine
12082,6107,Gampel,638,2623400,1129500,23,Valais / Wallis,2306,Bezirk Leuk
12083,5722,Grens,498,2504000,1138800,22,Vaud,2211,District de Nyon
12084,6176,Greich,1358,2646200,1135200,23,Valais / Wallis,2309,Bezirk Raron
12085,5312,Fusio,1278,2694000,1144300,21,Ticino,2108,Distretto di Vallemaggia
12086,1056,Greppen,452,2675300,1212000,3,Luzern,303,Amt Luzern
12087,5109,Gresso,1007,2690800,1120000,21,Ticino,2104,Distretto di Locarno
12088,5918,Gressy,504,2538700,1177900,22,Vaud,2219,District d'Yverdon
12089,6133,Fully,469,2574900,1109700,23,Valais / Wallis,2307,District de Martigny
12090,4883,Griesenberg,562,2719600,1269300,20,Thurgau,2008,Bezirk Weinfelden
12091,4307,Full-Reuenthal,314,2657500,1273800,19,Aargau,1911,Bezirk Zurzach
12092,2575,Fulenbach,420,2630000,1236100,11,Solothurn,1108,Bezirk Olten
12093,6237,Grimentz,1574,2610600,1114200,23,Valais / Wallis,2311,District de Sierre
12094,6263,Grimisuat,872,2595800,1123200,23,Valais / Wallis,2312,District de Sion
12095,2448,Gächliwil,594,2600700,1219800,11,Solothurn,1103,Bezirk Bucheggberg
12096,2023,Granges-de-Vesin,505,2554600,1184600,10,Fribourg / Freiburg,1001,District de la Broye
12097,6622,Genthod,411,2501100,1124600,25,Genève,2500,Canton de Genève
12098,5718,Genolier,547,2506100,1143300,22,Vaud,2211,District de Nyon
12099,6621,Genève,374,2500000,1117900,25,Genève,2500,Canton de Genève
12100,5252,Genestrerio,339,2718200,1079300,21,Ticino,2106,Distretto di Mendrisio
12101,5561,Grandson,435,2539400,1184400,22,Vaud,2206,District de Grandson
12102,2260,Gempenach,503,2581700,1198900,10,Fribourg / Freiburg,1005,Bezirk See / District du Lac
12103,2474,Gempen,676,2616600,1258300,11,Solothurn,1104,Bezirk Dorneck
12104,4232,Geltwil,682,2667000,1233500,19,Aargau,1908,Bezirk Muri
12105,5605,Grandvaux,492,2544500,1149500,22,Vaud,2208,District de Lavaux
12106,2134,Grandvillard,766,2573000,1154200,10,Fribourg / Freiburg,1003,District de la Gruyère
12107,2259,Galmiz,441,2578700,1199900,10,Fribourg / Freiburg,1005,Bezirk See / District du Lac
12108,1027,Gelfingen,473,2662600,1229600,3,Luzern,302,Amt Hochdorf
12109,2192,Farvagny-le-Grand,703,2571500,1174500,10,Fribourg / Freiburg,1004,District de la Sarine
12110,4029,Gebenstorf,376,2660600,1259100,19,Aargau,1902,Bezirk Baden
12111,2198,Granges-Paccot,615,2577400,1186000,10,Fribourg / Freiburg,1004,District de la Sarine
12112,5818,Granges-près-Marnand,469,2557900,1179200,22,Vaud,2214,District de Payerne
12113,2079,Grangettes,761,2563400,1169700,10,Fribourg / Freiburg,1002,District de la Glâne
12114,4164,Gansingen,383,2652400,1266000,19,Aargau,1906,Bezirk Laufenburg
12115,4006,Gränichen,413,2650000,1245400,19,Aargau,1901,Bezirk Aarau
12116,2329,Grattavache,818,2560200,1160600,10,Fribourg / Freiburg,1007,District de la Veveyse
12117,5184,Gandria,286,2721200,1096100,21,Ticino,2105,Distretto di Lugano
12118,5187,Gravesano,376,2714400,1100000,21,Ticino,2105,Distretto di Lugano
12120,2328,Granges (Veveyse),752,2553300,1152800,10,Fribourg / Freiburg,1007,District de la Veveyse
12121,5634,Echichens,466,2527900,1153200,22,Vaud,2209,District de Morges
12122,4134,Dürrenäsch,553,2654300,1241400,19,Aargau,1905,Bezirk Kulm
12123,192,Egg,543,2694700,1239600,1,Zürich,109,Bezirk Uster
12124,2916,Hofen,473,2692800,1293200,14,Schaffhausen,1402,Bezirk Reiat
12125,222,Hofstetten bei Elgg,575,2704900,1261600,1,Zürich,110,Bezirk Winterthur
12126,4096,Effingen,430,2650100,1260100,19,Aargau,1904,Bezirk Brugg
12127,1032,Hohenrain,607,2666700,1225900,3,Luzern,302,Amt Hochdorf
12128,2188,Ecuvillens,692,2573000,1178600,10,Fribourg / Freiburg,1004,District de la Sarine
12129,5635,Ecublens (VD),403,2533000,1153500,22,Vaud,2209,District de Morges
12130,4492,Hohentannen,566,2734500,1263600,20,Thurgau,2002,Bezirk Bischofszell
12131,5787,Ecoteaux,747,2555700,1155100,22,Vaud,2213,District d'Oron
12132,6004,Eggerberg,1042,2634000,1128900,23,Valais / Wallis,2301,Bezirk Brig
12133,5519,Eclagnens,599,2535200,1167000,22,Vaud,2205,District d'Echallens
12134,2475,Hochwald,620,2615200,1256200,11,Solothurn,1104,Bezirk Dorneck
12135,2131,Echarlens,716,2572100,1166400,10,Fribourg / Freiburg,1003,District de la Gruyère
12136,5633,Echandens,428,2531100,1154000,22,Vaud,2209,District de Morges
12137,5518,Echallens,618,2538400,1165800,22,Vaud,2205,District d'Echallens
12138,6196,Hohtenn,832,2624500,1129800,23,Valais / Wallis,2309,Bezirk Raron
12139,4199,Holderbank (AG),356,2655100,1253100,19,Aargau,1907,Bezirk Lenzburg
12140,4136,Holziken,441,2645200,1241400,19,Aargau,1905,Bezirk Kulm
12141,1054,Ebikon,422,2668600,1215000,3,Luzern,303,Amt Luzern
12142,1126,Ebersecken,548,2637300,1225900,3,Luzern,305,Amt Willisau
12143,153,Hombrechtikon,500,2700500,1234300,1,Zürich,107,Bezirk Meilen
12144,218,Ellikon an der Thur,389,2704300,1269000,1,Zürich,110,Bezirk Winterthur
12145,5482,Eclépens,459,2530100,1167200,22,Vaud,2204,District de Cossonay
12146,1084,Eich,517,2655300,1222500,3,Luzern,304,Amt Sursee
12147,6454,Hauterive,502,2564500,1207100,24,Neuchâtel,2404,District de Neuchâtel
12148,217,Elgg,538,2707700,1260900,1,Zürich,110,Bezirk Winterthur
12149,2193,Farvagny-le-Petit,701,2572000,1175300,10,Fribourg / Freiburg,1004,District de la Sarine
12150,6282,Eisten,1097,2635100,1116600,23,Valais / Wallis,2313,Bezirk Visp
12151,6194,Eischoll,1224,2626300,1127000,23,Valais / Wallis,2309,Bezirk Raron
12152,1301,Einsiedeln,908,2699800,1220400,5,Schwyz,501,Bezirk Einsiedeln
12153,4070,Hilfikon,476,2661100,1242800,19,Aargau,1903,Bezirk Bremgarten
12154,2618,Himmelried,655,2612000,1252300,11,Solothurn,1110,Bezirk Thierstein
12155,409,Hindelbank,524,2607800,1210100,2,Bern / Berne,206,Amtsbezirk Burgdorf
12156,117,Hinwil,577,2706400,1239800,1,Zürich,105,Bezirk Hinwil
12157,4066,Eggenwil,394,2668100,1247000,19,Aargau,1903,Bezirk Bremgarten
12158,4007,Hirschthal,441,2646500,1241400,19,Aargau,1901,Bezirk Aarau
12159,113,Dürnten,510,2706200,1237200,1,Zürich,105,Bezirk Hinwil
12160,132,Hirzel,727,2688400,1230200,1,Zürich,106,Bezirk Horgen
12161,173,Hittnau,652,2704800,1246900,1,Zürich,108,Bezirk Pfäffikon
12162,1030,Hitzkirch,502,2662500,1230800,3,Luzern,302,Amt Hochdorf
12163,1127,Egolzwil,523,2643100,1226200,3,Luzern,305,Amt Willisau
12164,1031,Hochdorf,489,2664500,1224500,3,Luzern,302,Amt Hochdorf
12165,4411,Egnach,406,2746000,1267400,20,Thurgau,2001,Bezirk Arbon
12166,59,Hochfelden,398,2681200,1264100,1,Zürich,103,Bezirk Bülach
12167,4195,Egliswil,468,2656600,1244600,19,Aargau,1907,Bezirk Lenzburg
12168,55,Eglisau,343,2681600,1269900,1,Zürich,103,Bezirk Bülach
12169,410,Höchstetten,476,2614700,1221300,2,Bern / Berne,206,Amtsbezirk Burgdorf
12170,4161,Eiken,330,2641500,1264700,19,Aargau,1906,Bezirk Laufenburg
12171,5457,Donatyre,505,2571000,1191700,22,Vaud,2203,District d'Avenches
12172,4816,Homburg,598,2717900,1277100,20,Thurgau,2007,Bezirk Steckborn
12173,32,Humlikon,434,2692700,1270300,1,Zürich,102,Bezirk Andelfingen
12174,1001,Doppleschwand,750,2646900,1207700,3,Luzern,301,Amt Entlebuch
12175,3002,Hundwil,793,2742000,1247700,15,Appenzell Ausserrhoden,1501,Bezirk Hinterland
12176,1703,Hünenberg,447,2674900,1225200,9,Zug,900,Kanton Zug
12177,4912,Donzhausen,466,2732300,1268500,20,Thurgau,2008,Bezirk Weinfelden
12178,61,Hüntwangen,391,2679200,1272200,1,Zürich,103,Bezirk Bülach
12179,4200,Hunzenschwil,399,2651800,1248700,19,Aargau,1907,Bezirk Lenzburg
12180,134,Hütten,728,2692700,1225600,1,Zürich,106,Bezirk Horgen
12181,87,Hüttikon,436,2671500,1255400,1,Zürich,104,Bezirk Dielsdorf
12182,26,Dorf,424,2691000,1269800,1,Zürich,102,Bezirk Andelfingen
12183,5035,Dongio,477,2716300,1144300,21,Ticino,2102,Distretto di Blenio
12184,2915,Dörflingen,442,2696100,1284800,14,Schaffhausen,1402,Bezirk Reiat
12185,4583,Hüttlingen,413,2716000,1270800,20,Thurgau,2004,Bezirk Frauenfeld
12186,4821,Hüttwilen,446,2707700,1273900,20,Thurgau,2007,Bezirk Steckborn
12187,6239,Icogne,1030,2600000,1126600,23,Valais / Wallis,2311,District de Sierre
12188,5671,Dompierre (VD),714,2557500,1173100,22,Vaud,2210,District de Moudon
12189,2014,Dompierre (FR),457,2565900,1189000,10,Fribourg / Freiburg,1001,District de la Broye
12190,5517,Dommartin,729,2543600,1166800,22,Vaud,2205,District d'Echallens
12191,2013,Domdidier,440,2567600,1190700,10,Fribourg / Freiburg,1001,District de la Broye
12192,1363,Illgau,812,2697900,1204900,5,Schwyz,506,Bezirk Schwyz
12193,4953,Illhart,510,2720200,1275400,20,Thurgau,2008,Bezirk Weinfelden
12194,6475,Dombresson,739,2563500,1213500,24,Neuchâtel,2405,District du Val-de-Ruz
12195,5913,Donneloye,535,2544700,1177300,22,Vaud,2219,District d'Yverdon
12196,386,Dotzigen,435,2592600,1218800,2,Bern / Berne,205,Amtsbezirk Büren
12197,4676,Dünnershaus,514,2736200,1271400,20,Thurgau,2005,Bezirk Kreuzlingen
12198,5855,Dully,424,2512300,1143000,22,Vaud,2216,District de Rolle
12199,2573,Dulliken,403,2638300,1244300,11,Solothurn,1108,Bezirk Olten
12200,5715,Duillier,463,2507300,1140500,22,Vaud,2211,District de Nyon
12201,1057,Honau,443,2673400,1220700,3,Luzern,303,Amt Luzern
12202,4763,Horben,580,2715200,1256500,20,Thurgau,2006,Bezirk Münchwilen
12203,133,Horgen,419,2687800,1234900,1,Zürich,106,Bezirk Horgen
12204,2293,Düdingen,582,2581100,1188400,10,Fribourg / Freiburg,1006,Bezirk Sense
12205,191,Dübendorf,433,2689300,1250400,1,Zürich,109,Bezirk Uster
12206,4406,Dozwil,464,2741500,1271200,20,Thurgau,2001,Bezirk Arbon
12207,6212,Dorénaz,449,2569500,1110900,23,Valais / Wallis,2310,District de Saint-Maurice
12208,4421,Horn,401,2752500,1262400,20,Thurgau,2001,Bezirk Arbon
12209,4634,Ellighausen,517,2727600,1275000,20,Thurgau,2005,Bezirk Kreuzlingen
12210,4304,Döttingen,348,2661700,1269100,19,Aargau,1911,Bezirk Zurzach
12211,4167,Hornussen,384,2647000,1261200,19,Aargau,1906,Bezirk Laufenburg
12212,1058,Horw,439,2666300,1207900,3,Luzern,303,Amt Luzern
12213,1210,Hospental,1476,2686500,1163700,4,Uri,400,Kanton Uri
12214,4101,Hottwil,407,2654400,1266600,19,Aargau,1904,Bezirk Brugg
12215,2548,Hubersdorf,477,2611400,1232900,11,Solothurn,1107,Bezirk Lebern
12216,4937,Hugelshofen,495,2726100,1273400,20,Thurgau,2008,Bezirk Weinfelden
12217,4065,Dottikon,414,2660500,1248400,19,Aargau,1903,Bezirk Bremgarten
12218,4936,Dotnacht,514,2728000,1273500,20,Thurgau,2008,Bezirk Weinfelden
12219,2473,Dornach,328,2613300,1258800,11,Solothurn,1104,Bezirk Dorneck
12220,60,Höri,409,2680600,1262400,1,Zürich,103,Bezirk Bülach
12221,2934,Hemmental,587,2685600,1287700,14,Schaffhausen,1403,Bezirk Schaffhausen
12222,4491,Heldswil,524,2734200,1265800,20,Thurgau,2002,Bezirk Bischofszell
12223,5916,Essert-sous-Champvent,482,2534800,1182800,22,Vaud,2219,District d'Yverdon
12224,5915,Essert-Pittet,460,2534700,1175500,22,Vaud,2219,District d'Yverdon
12225,2190,Essert (FR),817,2579000,1176300,10,Fribourg / Freiburg,1004,District de la Sarine
12226,2074,Esmonts,818,2554400,1165900,10,Fribourg / Freiburg,1002,District de la Glâne
12227,1003,Escholzmatt,857,2637800,1196000,3,Luzern,301,Amt Entlebuch
12228,4251,Hellikon,415,2636600,1262200,19,Aargau,1909,Bezirk Rheinfelden
12229,4762,Eschlikon,576,2715500,1258300,20,Thurgau,2006,Bezirk Münchwilen
12230,4581,Eschikofen,412,2717900,1271100,20,Thurgau,2004,Bezirk Frauenfeld
12231,408,Hellsau,481,2615900,1221700,2,Bern / Berne,206,Amtsbezirk Burgdorf
12232,1605,Elm,973,2732000,1198000,8,Glarus,800,Kanton Glarus
12233,2962,Hemishofen,408,2704600,1281600,14,Schaffhausen,1405,Bezirk Stein
12234,5520,Essertines-sur-Yverdon,598,2538800,1174000,22,Vaud,2205,District d'Echallens
12235,4198,Hendschiken,411,2658800,1248700,19,Aargau,1907,Bezirk Lenzburg
12236,1026,Eschenbach (LU),467,2666900,1220500,3,Luzern,302,Amt Hochdorf
12238,1206,Erstfeld,470,2692500,1186300,4,Uri,400,Kanton Uri
12239,405,Ersigen,499,2612000,1216000,2,Bern / Berne,206,Amtsbezirk Burgdorf
12240,31,Henggart,446,2693600,1268700,1,Zürich,102,Bezirk Andelfingen
12241,2080,Hennens,760,2557700,1170400,10,Fribourg / Freiburg,1002,District de la Glâne
12242,5819,Henniez,485,2557600,1176900,22,Vaud,2214,District de Payerne
12243,4097,Elfingen,452,2649800,1262000,19,Aargau,1904,Bezirk Brugg
12244,6105,Erschmatt,1214,2619500,1130000,23,Valais / Wallis,2306,Bezirk Leuk
12245,4806,Eschenz,406,2707800,1278500,20,Thurgau,2007,Bezirk Steckborn
12246,4162,Etzgen,331,2650600,1269100,19,Aargau,1906,Bezirk Laufenburg
12247,2137,Hauteville,711,2574800,1168800,10,Fribourg / Freiburg,1003,District de la Gruyère
12248,193,Fällanden,453,2690700,1247300,1,Zürich,109,Bezirk Uster
12249,5,Hedingen,503,2676400,1239000,1,Zürich,101,Bezirk Affoltern
12250,5072,Faido,715,2704600,1148400,21,Ticino,2103,Distretto di Leventina
12251,4416,Hefenhofen,453,2740000,1269900,20,Thurgau,2001,Bezirk Arbon
12252,4196,Fahrwangen,544,2660800,1238500,19,Aargau,1907,Bezirk Lenzburg
12253,3032,Heiden,793,2758000,1256900,15,Appenzell Ausserrhoden,1503,Bezirk Vorderland
12254,5716,Eysins,437,2505200,1137400,22,Vaud,2211,District de Nyon
12255,6083,Evolène,1380,2604400,1106900,23,Valais / Wallis,2305,District d'Hérens
12256,6213,Evionnaz,468,2568000,1114200,23,Valais / Wallis,2310,District de Saint-Maurice
12257,5788,Essertes,735,2550200,1157000,22,Vaud,2213,District d'Oron
12258,407,Heimiswil,612,2616800,1212700,2,Bern / Berne,206,Amtsbezirk Burgdorf
12259,5856,Essertines-sur-Rolle,719,2513900,1149600,22,Vaud,2216,District de Rolle
12260,2296,Heitenried,760,2589400,1186200,10,Fribourg / Freiburg,1006,Bezirk Sense
12261,1128,Ettiswil,518,2643900,1222200,3,Luzern,305,Amt Willisau
12262,2809,Ettingen,332,2608000,1258900,13,Basel-Landschaft,1301,Bezirk Arlesheim
12263,4553,Ettenhausen,547,2710100,1259600,20,Thurgau,2004,Bezirk Frauenfeld
12264,5636,Etoy,455,2521800,1148800,22,Vaud,2209,District de Morges
12265,5521,Etagnières,627,2536700,1161300,22,Vaud,2205,District d'Echallens
12266,2075,Estévenens,853,2563600,1168700,10,Fribourg / Freiburg,1002,District de la Glâne
12267,2015,Estavayer-le-Lac,461,2555000,1188900,10,Fribourg / Freiburg,1001,District de la Broye
12268,2191,Estavayer-le-Gibloux,683,2568400,1174800,10,Fribourg / Freiburg,1004,District de la Sarine
12269,2133,Estavannens,767,2574200,1156700,10,Fribourg / Freiburg,1003,District de la Gruyère
12270,4811,Herdern,501,2710600,1273700,20,Thurgau,2007,Bezirk Steckborn
12271,372,Evilard,702,2584800,1222100,2,Bern / Berne,204,Amtsbezirk Biel
12272,4477,Engishofen,441,2736500,1269000,20,Thurgau,2002,Bezirk Bischofszell
12273,2450,Hessigkofen,585,2602100,1221100,11,Solothurn,1103,Bezirk Bucheggberg
12274,2615,Erschwil,452,2607800,1246800,11,Solothurn,1110,Bezirk Thierstein
12275,1506,Ennetmoos,527,2667200,1199400,7,Nidwalden,700,Kanton Nidwalden
12276,1505,Ennetbürgen,436,2674300,1204200,7,Nidwalden,700,Kanton Nidwalden
12277,4026,Ennetbaden,358,2666100,1259100,19,Aargau,1902,Bezirk Baden
12278,4478,Ennetaach,453,2733800,1268000,20,Thurgau,2002,Bezirk Bischofszell
12279,1607,Ennenda,477,2724700,1210500,8,Glarus,800,Kanton Glarus
12280,4701,Engwilen,537,2724600,1275400,20,Thurgau,2005,Bezirk Kreuzlingen
12281,4952,Engwang,440,2721400,1273400,20,Thurgau,2008,Bezirk Weinfelden
12282,6056,Ernen,1195,2654300,1138800,23,Valais / Wallis,2304,Bezirk Goms
12283,221,Hettlingen,430,2695500,1266900,1,Zürich,110,Bezirk Winterthur
12284,1002,Entlebuch,720,2647600,1204800,3,Luzern,301,Amt Entlebuch
12285,1606,Engi,818,2730400,1205200,8,Glarus,800,Kanton Glarus
12286,6453,Enges,813,2567600,1211800,24,Neuchâtel,2404,District de Neuchâtel
12287,1402,Engelberg,1003,2673700,1186100,6,Obwalden,600,Kanton Obwalden
12288,1088,Hildisrieden,683,2660000,1222500,3,Luzern,304,Amt Sursee
12289,4305,Endingen,386,2664100,1265500,19,Aargau,1911,Bezirk Zurzach
12290,1504,Emmetten,779,2682200,1201200,7,Nidwalden,700,Kanton Nidwalden
12291,1024,Emmen,430,2664800,1214100,3,Luzern,302,Amt Hochdorf
12292,56,Embrach,426,2687100,1262000,1,Zürich,103,Bezirk Bülach
12293,6283,Embd,965,2630700,1118300,23,Valais / Wallis,2313,Bezirk Visp
12294,219,Elsau,510,2702700,1262500,1,Zürich,110,Bezirk Winterthur
12295,6476,Engollon,728,2560700,1209800,24,Neuchâtel,2405,District du Val-de-Ruz
12296,6625,Hermance,382,2508000,1128500,25,Genève,2500,Canton de Genève
12297,1025,Ermensee,466,2660700,1231000,3,Luzern,302,Amt Hochdorf
12298,6084,Hérémence,1222,2597400,1114300,23,Valais / Wallis,2305,District d'Hérens
12299,4005,Erlinsbach,410,2643200,1250100,19,Aargau,1901,Bezirk Aarau
12300,1507,Hergiswil (NW),440,2666400,1204400,7,Nidwalden,700,Kanton Nidwalden
12301,151,Erlenbach (ZH),412,2687200,1239800,1,Zürich,107,Bezirk Meilen
12302,4479,Erlen,458,2735100,1267900,20,Thurgau,2002,Bezirk Bischofszell
12303,1132,Hergiswil bei Willisau,647,2639400,1215000,3,Luzern,305,Amt Willisau
12304,3001,Herisau,747,2738700,1250300,15,Appenzell Ausserrhoden,1501,Bezirk Hinterland
12305,1029,Herlisberg,734,2660000,1227800,3,Luzern,302,Amt Hochdorf
12306,2132,Enney,721,2572800,1157300,10,Fribourg / Freiburg,1003,District de la Gruyère
12307,6104,Ergisch,1084,2621200,1126900,23,Valais / Wallis,2306,Bezirk Leuk
12308,5584,Epalinges,796,2541400,1155700,22,Vaud,2207,District de Lausanne
12309,2574,Eppenberg-Wöschnau,460,2644200,1247400,11,Solothurn,1108,Bezirk Olten
12310,4069,Hermetschwil-Staffeln,409,2668400,1242700,19,Aargau,1903,Bezirk Bremgarten
12311,5603,Epesses,451,2547000,1149000,22,Vaud,2208,District de Lavaux
12312,4677,Herrenhof,526,2735800,1273500,20,Thurgau,2005,Bezirk Kreuzlingen
12313,5914,Ependes (VD),445,2536600,1177300,22,Vaud,2219,District d'Yverdon
12314,5673,Hermenches,684,2548000,1165800,22,Vaud,2210,District de Moudon
12315,4913,Hessenreuti,465,2732700,1267700,20,Thurgau,2008,Bezirk Weinfelden
12316,152,Herrliberg,436,2688700,1237700,1,Zürich,107,Bezirk Meilen
12317,4166,Herznach,421,2646300,1258100,19,Aargau,1906,Bezirk Laufenburg
12318,5792,Montpreveyres,800,2546500,1159200,22,Vaud,2213,District d'Oron
12319,2033,Morens (FR),449,2559400,1188200,10,Fribourg / Freiburg,1001,District de la Broye
12320,2210,Montévraz,905,2580000,1174700,10,Fribourg / Freiburg,1004,District de la Sarine
12321,4106,Mönthal,483,2652900,1263300,19,Aargau,1904,Bezirk Brugg
12322,5432,Montherod,590,2517700,1150300,22,Vaud,2202,District d'Aubonne
12323,6153,Monthey,417,2562300,1122500,23,Valais / Wallis,2308,District de Monthey
12324,2032,Montet (Broye),488,2556500,1185100,10,Fribourg / Freiburg,1001,District de la Broye
12325,6482,Montmollin,769,2555000,1204800,24,Neuchâtel,2405,District du Val-de-Ruz
12326,5202,Monteggio,332,2706000,1094400,21,Ticino,2105,Distretto di Lugano
12327,5492,Montricher,741,2518700,1161500,22,Vaud,2204,District de Cossonay
12328,4277,Moosleerau,512,2647300,1235500,19,Aargau,1910,Bezirk Zofingen
12329,5257,Morbio Inferiore,340,2722600,1079200,21,Ticino,2106,Distretto di Mendrisio
12330,5258,Morbio Superiore,458,2722900,1080100,21,Ticino,2106,Distretto di Mendrisio
12331,5203,Morcote,292,2714000,1087300,21,Ticino,2105,Distretto di Lugano
12332,5859,Mont-sur-Rolle,471,2515400,1147200,22,Vaud,2216,District de Rolle
12333,5459,Montmagny,564,2567400,1197300,22,Vaud,2203,District d'Avenches
12334,5677,Montaubion-Chardonney,762,2544400,1166200,22,Vaud,2210,District de Moudon
12335,4279,Murgenthal,411,2630200,1235300,19,Aargau,1910,Bezirk Zofingen
12336,5201,Montagnola,467,2714600,1093400,21,Ticino,2105,Distretto di Lugano
12337,2028,Montagny-la-Ville,558,2566200,1185200,10,Fribourg / Freiburg,1001,District de la Broye
12338,2029,Montagny-les-Monts,563,2565800,1184300,10,Fribourg / Freiburg,1001,District de la Broye
12339,5922,Montagny-près-Yverdon,449,2536900,1182600,22,Vaud,2219,District d'Yverdon
12340,2089,Montet (Glâne),646,2552200,1166100,10,Fribourg / Freiburg,1002,District de la Glâne
12341,6243,Montana,1498,2603000,1128800,23,Valais / Wallis,2311,District de Sierre
12342,5642,Morges,379,2528100,1152000,22,Vaud,2209,District de Morges
12343,2142,Montbovon,796,2569700,1148500,10,Fribourg / Freiburg,1003,District de la Gruyère
12344,2031,Montbrelloz,501,2557900,1189300,10,Fribourg / Freiburg,1001,District de la Broye
12345,5756,Montcherand,553,2529100,1176200,22,Vaud,2212,District d'Orbe
12346,5256,Monte,670,2723400,1082400,21,Ticino,2106,Distretto di Mendrisio
12347,5013,Monte Carasso,244,2720300,1116400,21,Ticino,2101,Distretto di Bellinzona
12348,2209,Montécu,759,2581400,1176700,10,Fribourg / Freiburg,1004,District de la Sarine
12349,6411,Montalchez,655,2547200,1194300,24,Neuchâtel,2401,District de Boudry
12350,4746,Münchwilen (TG),511,2717500,1259800,20,Thurgau,2006,Bezirk Münchwilen
12351,6179,Mörel,769,2646700,1134000,23,Valais / Wallis,2309,Bezirk Raron
12352,1618,Mühlehorn,439,2731600,1219900,8,Glarus,800,Kanton Glarus
12353,4278,Mühlethal,542,2640900,1239100,19,Aargau,1910,Bezirk Zofingen
12354,4107,Mülligen,365,2660400,1256600,19,Aargau,1904,Bezirk Brugg
12355,4255,Mumpf,293,2636300,1266200,19,Aargau,1909,Bezirk Rheinfelden
12356,6062,Mühlebach,1245,2655300,1139900,23,Valais / Wallis,2304,Bezirk Goms
12357,4172,Münchwilen (AG),335,2639400,1265400,19,Aargau,1906,Bezirk Laufenburg
12358,4235,Mühlau,396,2672000,1231400,19,Aargau,1908,Bezirk Muri
12359,6006,Mund,1190,2638800,1129500,23,Valais / Wallis,2301,Bezirk Brig
12360,6063,Münster (VS),1379,2663400,1148700,23,Valais / Wallis,2304,Bezirk Goms
12361,2274,Muntelier,435,2576000,1198200,10,Fribourg / Freiburg,1005,Bezirk See / District du Lac
12362,1367,Muotathal,611,2700400,1203500,5,Schwyz,506,Bezirk Schwyz
12363,5460,Mur (VD),487,2571100,1199400,22,Vaud,2203,District d'Avenches
12364,2141,Maules,907,2565800,1165600,10,Fribourg / Freiburg,1003,District de la Gruyère
12365,2810,Münchenstein,277,2613400,1262500,13,Basel-Landschaft,1301,Bezirk Arlesheim
12366,2091,Mossel,826,2555400,1162400,10,Fribourg / Freiburg,1002,District de la Glâne
12367,4203,Möriken-Wildegg,384,2656100,1251900,19,Aargau,1907,Bezirk Lenzburg
12368,2090,Morlens,723,2553900,1167100,10,Fribourg / Freiburg,1002,District de la Glâne
12369,2143,Morlon,750,2573000,1163900,10,Fribourg / Freiburg,1003,District de la Gruyère
12370,5527,Morrens (VD),701,2537800,1160300,22,Vaud,2205,District d'Echallens
12371,1366,Morschach,641,2689800,1204000,5,Schwyz,506,Bezirk Schwyz
12372,2458,Mühledorf (SO),567,2602800,1220400,11,Solothurn,1103,Bezirk Bucheggberg
12373,5119,Mosogno,771,2692500,1117100,21,Ticino,2104,Distretto di Locarno
12374,5491,Mont-la-Ville,830,2521200,1166600,22,Vaud,2204,District de Cossonay
12375,6507,Môtiers (NE),737,2537000,1195800,24,Neuchâtel,2406,District du Val-de-Travers
12376,416,Mötschwil,530,2609900,1211000,2,Bern / Berne,206,Amtsbezirk Burgdorf
12377,5678,Moudon,514,2551000,1168800,22,Vaud,2210,District de Moudon
12378,5204,Mugena,825,2712300,1100800,21,Ticino,2105,Distretto di Lugano
12379,5259,Muggio,666,2724500,1084700,21,Ticino,2106,Distretto di Mendrisio
12380,4009,Muhen,427,2646500,1243400,19,Aargau,1901,Bezirk Aarau
12381,1035,Mosen,452,2659800,1232800,3,Luzern,302,Amt Hochdorf
12382,1136,Menznau,594,2645600,1215000,3,Luzern,305,Amt Willisau
12383,4532,Mett-Oberschlatt,436,2694600,1279100,20,Thurgau,2003,Bezirk Diessenhofen
12384,4033,Mellingen,349,2663000,1252300,19,Aargau,1902,Bezirk Baden
12385,2620,Meltingen,587,2611400,1248600,11,Solothurn,1110,Bezirk Thierstein
12386,5254,Mendrisio,342,2720000,1081000,21,Ticino,2106,Distretto di Mendrisio
12387,2027,Ménières,503,2557400,1181500,10,Fribourg / Freiburg,1001,District de la Broye
12388,5198,Melide,280,2716900,1090300,21,Ticino,2105,Distretto di Lugano
12389,1704,Menzingen,809,2687300,1226000,9,Zug,900,Kanton Zug
12390,333,Melchnau,527,2631300,1225800,2,Bern / Berne,202,Amtsbezirk Aarwangen
12391,5318,Menzonio,763,2692500,1135200,21,Ticino,2108,Distretto di Vallemaggia
12392,4234,Merenschwand,395,2670800,1234800,19,Aargau,1908,Bezirk Muri
12393,5117,Mergoscia,668,2708700,1118500,21,Ticino,2104,Distretto di Locarno
12394,5255,Meride,576,2717500,1083200,21,Ticino,2106,Distretto di Mendrisio
12395,2936,Merishausen,537,2687700,1290700,14,Schaffhausen,1403,Bezirk Schaffhausen
12396,437,Mont-Tramelan,1058,2570100,1228500,2,Bern / Berne,207,District de Courtelary
12397,4139,Menziken,542,2656700,1232700,19,Aargau,1905,Bezirk Kulm
12398,1064,Meierskappel,497,2676200,1219800,3,Luzern,303,Amt Luzern
12399,5794,Oron-le-Châtel,711,2554000,1158400,22,Vaud,2213,District d'Oron
12400,5488,Mauraz,624,2522300,1162000,22,Vaud,2204,District de Cossonay
12401,4894,Mauren,449,2729300,1269800,20,Thurgau,2008,Bezirk Weinfelden
12403,5011,Medeglia,725,2718300,1108300,21,Ticino,2101,Distretto di Bellinzona
12404,4314,Mellikon,353,2668800,1268900,19,Aargau,1911,Bezirk Zurzach
12405,389,Meienried,429,2592400,1220900,2,Bern / Berne,205,Amtsbezirk Büren
12406,4171,Mettau,345,2651800,1268400,19,Aargau,1906,Bezirk Laufenburg
12407,307,Meikirch,655,2594300,1206500,2,Bern / Berne,201,Amtsbezirk Aarberg
12408,156,Meilen,420,2691300,1236100,1,Zürich,107,Bezirk Meilen
12409,6629,Meinier,440,2507100,1122400,25,Genève,2500,Canton de Genève
12410,390,Meinisberg,443,2593200,1223200,2,Bern / Berne,205,Amtsbezirk Büren
12411,4202,Meisterschwanden,500,2659700,1238500,19,Aargau,1907,Bezirk Lenzburg
12412,5197,Melano,288,2720100,1086500,21,Ticino,2105,Distretto di Lugano
12413,1063,Meggen,482,2671000,1211000,3,Luzern,303,Amt Luzern
12414,5012,Moleno,269,2719900,1125200,21,Ticino,2101,Distretto di Bellinzona
12415,2457,Messen,498,2600700,1215700,11,Solothurn,1103,Bezirk Bucheggberg
12416,2272,Misery,582,2571600,1189100,10,Fribourg / Freiburg,1005,Bezirk See / District du Lac
12417,5821,Missy,438,2564300,1192000,22,Vaud,2214,District de Payerne
12418,1616,Mitlödi,520,2724700,1207900,8,Glarus,800,Kanton Glarus
12419,5319,Moghegno,317,2697800,1121800,21,Ticino,2108,Distretto di Vallemaggia
12420,5200,Miglieglia,720,2709900,1098000,21,Ticino,2105,Distretto di Lugano
12421,5490,Moiry,626,2524600,1166900,22,Vaud,2204,District de Cossonay
12422,5723,Mies,410,2502200,1128800,22,Vaud,2211,District de Nyon
12423,5431,Mollens (VD),781,2517100,1159000,22,Vaud,2202,District d'Aubonne
12424,6242,Mollens (VS),1071,2606300,1129400,23,Valais / Wallis,2311,District de Sierre
12425,1617,Mollis,449,2724300,1217100,8,Glarus,800,Kanton Glarus
12426,5921,Molondin,612,2547300,1179000,22,Vaud,2219,District d'Yverdon
12427,196,Mönchaltorf,442,2697000,1240700,1,Zürich,109,Bezirk Uster
12428,5641,Monnaz,488,2526400,1153600,22,Vaud,2209,District de Morges
12429,4254,Möhlin,310,2630600,1267500,19,Aargau,1909,Bezirk Rheinfelden
12430,6630,Meyrin,438,2494600,1120600,25,Genève,2500,Canton de Genève
12431,4584,Mettendorf,405,2715200,1270700,20,Thurgau,2004,Bezirk Frauenfeld
12432,4925,Mettlen,485,2726900,1265800,20,Thurgau,2008,Bezirk Weinfelden
12433,9,Mettmenstetten,470,2677600,1233000,1,Zürich,101,Bezirk Affoltern
12434,2477,Metzerlen,521,2602000,1257300,11,Solothurn,1104,Bezirk Dorneck
12435,5489,Mex (VD),481,2532000,1158900,22,Vaud,2204,District de Cossonay
12436,5118,Minusio,241,2706300,1115000,21,Ticino,2104,Distretto di Locarno
12437,2271,Meyriez,444,2574800,1197000,10,Fribourg / Freiburg,1005,Bezirk See / District du Lac
12438,4236,Muri (AG),461,2668400,1236000,19,Aargau,1908,Bezirk Muri
12439,5920,Mézery-près-Donneloye,624,2545600,1177800,22,Vaud,2219,District d'Yverdon
12440,2087,Mézières (FR),764,2560800,1169800,10,Fribourg / Freiburg,1002,District de la Glâne
12441,5791,Mézières (VD),744,2548800,1160800,22,Vaud,2213,District d'Oron
12442,5199,Mezzovico-Vira,435,2714400,1105400,21,Ticino,2105,Distretto di Lugano
12443,2088,Middes,709,2562600,1179700,10,Fribourg / Freiburg,1002,District de la Glâne
12444,6241,Miège,704,2608300,1129000,23,Valais / Wallis,2311,District de Sierre
12445,6216,Mex (VS),1123,2566100,1115000,23,Valais / Wallis,2310,District de Saint-Maurice
12446,4237,Oberrüti,417,2672500,1224300,19,Aargau,1908,Bezirk Muri
12447,93,Oberweningen,472,2672900,1261700,1,Zürich,104,Bezirk Dielsdorf
12448,4597,Oberneunforn,472,2700000,1273700,20,Thurgau,2004,Bezirk Frauenfeld
12449,419,Oberösch,488,2612900,1217600,2,Bern / Berne,206,Amtsbezirk Burgdorf
12450,2460,Oberramsern,473,2601800,1218100,11,Solothurn,1103,Bezirk Bucheggberg
12451,2214,Oberried (FR),842,2580900,1176000,10,Fribourg / Freiburg,1004,District de la Sarine
12452,4073,Oberlunkhofen,448,2672100,1240500,19,Aargau,1903,Bezirk Bremgarten
12453,4037,Oberrohrdorf,495,2666300,1252400,19,Aargau,1902,Bezirk Baden
12454,4140,Oberkulm,476,2651500,1238900,19,Aargau,1905,Bezirk Kulm
12455,2298,Oberschrot,861,2587600,1176500,10,Fribourg / Freiburg,1006,Bezirk Sense
12456,4038,Obersiggenthal,388,2664600,1260000,19,Aargau,1902,Bezirk Baden
12457,36,Oberstammheim,445,2702400,1276500,1,Zürich,102,Bezirk Andelfingen
12458,334,Obersteckholz,522,2628900,1227700,2,Bern / Berne,202,Amtsbezirk Aarwangen
12459,1623,Oberurnen,430,2722900,1219400,8,Glarus,800,Kanton Glarus
12460,4036,Oberehrendingen,460,2668100,1260900,19,Aargau,1902,Bezirk Baden
12461,137,Oberrieden,438,2686300,1236800,1,Zürich,106,Bezirk Horgen
12462,2497,Obergösgen,390,2638800,1246100,11,Solothurn,1105,Bezirk Gösgen
12463,5120,Muralto,222,2705600,1114500,21,Ticino,2104,Distretto di Locarno
12464,6112,Oberems,1336,2619800,1125600,23,Valais / Wallis,2306,Bezirk Leuk
12465,4010,Oberentfelden,414,2645900,1245200,19,Aargau,1901,Bezirk Aarau
12466,2496,Obererlinsbach,432,2642700,1250900,11,Solothurn,1105,Bezirk Gösgen
12467,4109,Oberflachs,398,2652200,1254700,19,Aargau,1904,Bezirk Brugg
12468,4256,Obermumpf,373,2637600,1264400,19,Aargau,1909,Bezirk Rheinfelden
12469,92,Oberglatt,431,2681500,1259000,1,Zürich,104,Bezirk Dielsdorf
12470,2812,Oberwil (BL),299,2608900,1262600,13,Basel-Landschaft,1301,Bezirk Arlesheim
12471,2972,Oberhallau,430,2678000,1284400,14,Schaffhausen,1406,Bezirk Unterklettgau
12472,4173,Oberhof,475,2642800,1255500,19,Aargau,1906,Bezirk Laufenburg
12473,4174,Oberhofen (AG),362,2652300,1267300,19,Aargau,1906,Bezirk Laufenburg
12474,4662,Oberhofen bei Kreuzlingen,529,2732000,1275700,20,Thurgau,2005,Bezirk Kreuzlingen
12475,1368,Oberiberg,1086,2702100,1210700,5,Schwyz,506,Bezirk Schwyz
12476,1095,Oberkirch,514,2651300,1223000,3,Luzern,304,Amt Sursee
12477,6065,Obergesteln,1355,2668000,1151800,23,Valais / Wallis,2304,Bezirk Goms
12478,5757,Orbe,459,2530800,1175200,22,Vaud,2212,District d'Orbe
12479,6066,Oberwald,1368,2669900,1154000,23,Valais / Wallis,2304,Bezirk Goms
12480,5565,Onnens (VD),479,2542700,1187900,22,Vaud,2206,District de Grandson
12481,4915,Opfershofen (TG),448,2730600,1269100,20,Thurgau,2008,Bezirk Weinfelden
12483,66,Opfikon,450,2685900,1254100,1,Zürich,103,Bezirk Bülach
12484,6631,Onex,427,2496500,1115500,25,Genève,2500,Canton de Genève
12485,4927,Oppikon,527,2721700,1267300,20,Thurgau,2008,Bezirk Weinfelden
12486,2581,Olten,408,2634700,1244700,11,Solothurn,1108,Bezirk Olten
12487,5924,Orges,559,2535100,1184400,22,Vaud,2219,District d'Yverdon
12488,5208,Origlio,421,2716500,1101400,21,Ticino,2105,Distretto di Lugano
12489,5410,Ormont-Dessous,985,2570200,1134600,22,Vaud,2201,District d'Aigle
12490,5411,Ormont-Dessus,1163,2578000,1133600,22,Vaud,2201,District d'Aigle
12491,5493,Orny,465,2530200,1168900,22,Vaud,2204,District de Cossonay
12492,5793,Oron-la-Ville,632,2553100,1158000,22,Vaud,2213,District d'Oron
12493,5923,Oppens,557,2542900,1173900,22,Vaud,2219,District d'Yverdon
12494,4280,Oftringen,420,2636500,1240700,19,Aargau,1910,Bezirk Zofingen
12495,4576,Oberwil (TG),477,2707800,1267100,20,Thurgau,2004,Bezirk Frauenfeld
12496,391,Oberwil bei Büren,491,2597500,1219700,2,Bern / Berne,205,Amtsbezirk Büren
12497,10,Obfelden,452,2675100,1235300,1,Zürich,101,Bezirk Affoltern
12498,1624,Obstalden,700,2729900,1219800,8,Glarus,800,Kanton Glarus
12499,335,Oeschenbach,721,2623400,1216800,2,Bern / Berne,202,Amtsbezirk Aarwangen
12500,2215,Onnens (FR),718,2569600,1180600,10,Fribourg / Freiburg,1004,District de la Sarine
12501,157,Oetwil am See,540,2697000,1236300,1,Zürich,107,Bezirk Meilen
12502,2553,Oberdorf (SO),559,2604900,1231000,11,Solothurn,1107,Bezirk Lebern
12503,5680,Ogens,632,2545300,1173600,22,Vaud,2210,District de Moudon
12504,1138,Ohmstal,629,2638900,1223700,3,Luzern,305,Amt Willisau
12505,5461,Oleyres,552,2569400,1189200,22,Vaud,2203,District d'Avenches
12506,5043,Olivone,896,2715200,1154200,21,Ticino,2102,Distretto di Blenio
12507,5409,Ollon,1206,2568500,1127400,22,Vaud,2201,District d'Aigle
12508,4257,Olsberg,387,2626000,1263500,19,Aargau,1909,Bezirk Rheinfelden
12509,4175,Oeschgen,335,2643500,1263300,19,Aargau,1906,Bezirk Laufenburg
12510,4498,Neukirch an der Thur,561,2730600,1263700,20,Thurgau,2002,Bezirk Bischofszell
12511,6198,Niedergesteln,643,2626400,1129200,23,Valais / Wallis,2309,Bezirk Raron
12512,6458,Neuchâtel,438,2561300,1204700,24,Neuchâtel,2404,District de Neuchâtel
12513,1092,Neudorf,671,2658400,1225400,3,Luzern,304,Amt Sursee
12514,4034,Neuenhof,404,2667200,1255400,19,Aargau,1902,Bezirk Baden
12515,1093,Neuenkirch,551,2658100,1216700,3,Luzern,304,Amt Sursee
12516,2459,Nennigkofen,464,2604200,1226000,11,Solothurn,1103,Bezirk Bucheggberg
12517,1705,Neuheim,664,2686100,1228900,9,Zug,900,Kanton Zug
12518,6024,Nendaz,1146,2589700,1115200,23,Valais / Wallis,2302,District de Conthey
12519,2904,Neunkirch,426,2679600,1282700,14,Schaffhausen,1401,Bezirk Oberklettgau
12520,4636,Neuwilen,545,2727500,1275900,20,Thurgau,2005,Bezirk Kreuzlingen
12521,2211,Neyruz (FR),697,2571500,1179700,10,Fribourg / Freiburg,1004,District de la Sarine
12522,5679,Neyruz-sur-Moudon,766,2550200,1172000,22,Vaud,2210,District de Moudon
12523,1621,Nidfurn,546,2723200,1205300,8,Glarus,800,Kanton Glarus
12524,65,Oberembrach,458,2688900,1260300,1,Zürich,103,Bezirk Bülach
12525,2937,Neuhausen am Rheinfall,428,2688500,1281900,14,Schaffhausen,1403,Bezirk Schaffhausen
12526,6086,Nax,1259,2599200,1119700,23,Valais / Wallis,2305,District d'Hérens
12527,356,Muri bei Bern,555,2603700,1197700,2,Bern / Berne,203,Amtsbezirk Bern
12528,1036,Müswangen,783,2664400,1232300,3,Luzern,302,Amt Hochdorf
12529,5563,Mutrux,746,2545800,1192600,22,Vaud,2206,District de Grandson
12530,2811,Muttenz,283,2615100,1264300,13,Basel-Landschaft,1301,Bezirk Arlesheim
12531,5205,Muzzano,388,2715000,1095100,21,Ticino,2105,Distretto di Lugano
12532,1620,Netstal,463,2722700,1213700,8,Glarus,800,Kanton Glarus
12533,6007,Naters,687,2642300,1130700,23,Valais / Wallis,2301,Bezirk Brig
12534,89,Niederglatt,414,2680300,1260600,1,Zürich,104,Bezirk Dielsdorf
12535,5528,Naz,675,2543100,1167700,22,Vaud,2205,District d'Echallens
12536,1137,Nebikon,487,2640800,1226900,3,Luzern,305,Amt Willisau
12537,88,Neerach,428,2678000,1263000,1,Zürich,104,Bezirk Dielsdorf
12538,223,Neftenbach,412,2692500,1264900,1,Zürich,110,Bezirk Winterthur
12539,5206,Neggio,390,2711600,1093900,21,Ticino,2105,Distretto di Lugano
12540,2144,Neirivue,759,2571000,1152900,10,Fribourg / Freiburg,1003,District de la Gruyère
12541,1619,Näfels,435,2723200,1217800,8,Glarus,800,Kanton Glarus
12542,5724,Nyon,403,2507700,1137500,22,Vaud,2211,District de Nyon
12543,2494,Niedererlinsbach,401,2642900,1249700,11,Solothurn,1105,Bezirk Gösgen
12544,5260,Novazzano,344,2719900,1077800,21,Ticino,2106,Distretto di Mendrisio
12545,2478,Nuglar-St. Pantaleon,487,2619200,1257900,11,Solothurn,1104,Bezirk Dorneck
12546,2621,Nunningen,620,2613600,1249200,11,Solothurn,1110,Bezirk Thierstein
12547,64,Nürensdorf,502,2691300,1255800,1,Zürich,103,Bezirk Bülach
12548,1094,Nottwil,525,2653000,1220700,3,Luzern,304,Amt Sursee
12549,2035,Nuvilly,628,2553600,1181500,10,Fribourg / Freiburg,1001,District de la Broye
12550,2213,Noréaz,661,2568700,1183600,10,Fribourg / Freiburg,1004,District de la Sarine
12551,1706,Oberägeri,736,2689200,1221100,9,Zug,900,Kanton Zug
12552,357,Oberbalm,779,2597400,1191400,2,Bern / Berne,203,Amtsbezirk Bern
12553,4108,Oberbözberg,538,2654200,1261000,19,Aargau,1904,Bezirk Brugg
12554,418,Oberburg,548,2614300,1209600,2,Bern / Berne,206,Amtsbezirk Burgdorf
12555,4926,Oberbussnang,449,2724200,1267800,20,Thurgau,2008,Bezirk Weinfelden
12556,1508,Oberdorf (NW),457,2672100,1201200,7,Nidwalden,700,Kanton Nidwalden
12557,4822,Nussbaumen,505,2704500,1276000,20,Thurgau,2007,Bezirk Steckborn
12558,1622,Niederurnen,430,2722600,1220800,8,Glarus,800,Kanton Glarus
12559,2495,Niedergösgen,384,2641700,1247000,11,Solothurn,1105,Bezirk Gösgen
12560,90,Niederhasli,420,2678900,1259500,1,Zürich,104,Bezirk Dielsdorf
12561,4204,Niederlenz,378,2655700,1250300,19,Aargau,1907,Bezirk Lenzburg
12562,4596,Niederneunforn,447,2700900,1272600,20,Thurgau,2004,Bezirk Frauenfeld
12563,417,Niederösch,485,2613300,1218500,2,Bern / Berne,206,Amtsbezirk Burgdorf
12564,5207,Novaggio,644,2709700,1096400,21,Ticino,2105,Distretto di Lugano
12565,4035,Niederrohrdorf,438,2665400,1252900,19,Aargau,1902,Bezirk Baden
12566,1091,Mauensee,521,2647600,1224300,3,Luzern,304,Amt Sursee
12567,6064,Niederwald,1256,2657700,1143000,23,Valais / Wallis,2304,Bezirk Goms
12568,91,Niederweningen,458,2670700,1262000,1,Zürich,104,Bezirk Dielsdorf
12569,4072,Niederwil (AG),406,2664600,1247800,19,Aargau,1903,Bezirk Bremgarten
12570,2552,Niederwil (SO),544,2610100,1233400,11,Solothurn,1107,Bezirk Lebern
12571,4575,Niederwil (TG),402,2707000,1268000,20,Thurgau,2004,Bezirk Frauenfeld
12572,6508,Noiraigue,728,2545700,1200800,24,Neuchâtel,2406,District du Val-de-Travers
12573,308,Niederried bei Kallnach,473,2585700,1206600,2,Bern / Berne,201,Amtsbezirk Aarberg
12574,2149,La Roche,747,2577000,1171700,10,Fribourg / Freiburg,1003,District de la Gruyère
12575,6627,Laconnex,443,2491700,1112600,25,Genève,2500,Canton de Genève
12576,436,La Heutte,609,2583800,1226600,2,Bern / Berne,207,District de Courtelary
12577,2081,La Joux (FR),863,2561700,1164200,10,Fribourg / Freiburg,1002,District de la Glâne
12578,2085,La Magne,839,2561200,1165100,10,Fribourg / Freiburg,1002,District de la Glâne
12579,2092,La Neirigue,739,2563000,1170500,10,Fribourg / Freiburg,1002,District de la Glâne
12580,6504,La Côte-aux-Fées,1033,2527700,1191000,24,Neuchâtel,2406,District du Val-de-Travers
12581,5726,La Rippe,528,2500900,1137500,22,Vaud,2211,District de Nyon
12582,2180,La Corbaz,648,2575300,1187600,10,Fribourg / Freiburg,1004,District de la Sarine
12583,5797,La Rogivue,838,2558200,1157100,22,Vaud,2213,District d'Oron
12584,6423,La Sagne,1031,2551400,1210000,24,Neuchâtel,2402,District de la Chaux-de-Fonds
12585,5498,La Sarraz,490,2529100,1167800,22,Vaud,2204,District de Cossonay
12586,5889,La Tour-de-Peilz,391,2555600,1144800,22,Vaud,2218,District de Vevey
12587,2154,La Tour-de-Trême,740,2571500,1161900,10,Fribourg / Freiburg,1003,District de la Gruyère
12588,4480,Kümmertshausen,483,2735700,1269900,20,Thurgau,2002,Bezirk Bischofszell
12589,5758,La Praz,873,2522600,1169000,22,Vaud,2212,District d'Orbe
12590,5871,L'Abbaye,1017,2510700,1164200,22,Vaud,2217,District de la Vallée
12591,2024,Léchelles,551,2567800,1186500,10,Fribourg / Freiburg,1001,District de la Broye
12592,154,Küsnacht (ZH),421,2686600,1241300,1,Zürich,107,Bezirk Meilen
12593,1331,Küssnacht am Rigi,442,2676100,1215100,5,Schwyz,504,Bezirk Küssnacht
12594,4008,Küttigen,411,2646000,1251800,19,Aargau,1901,Bezirk Aarau
12595,2452,Küttigkofen,482,2605800,1222200,11,Solothurn,1103,Bezirk Bucheggberg
12596,435,La Ferrière,1025,2558700,1221200,2,Bern / Berne,207,District de Courtelary
12597,2453,Kyburg-Buchegg,523,2605400,1221100,11,Solothurn,1103,Bezirk Bucheggberg
12598,6286,Lalden,648,2635800,1127700,23,Valais / Wallis,2313,Bezirk Visp
12599,5741,L'Abergement,644,2527500,1178600,22,Vaud,2212,District d'Orbe
12600,5486,L'Isle,665,2521300,1163000,22,Vaud,2204,District de Cossonay
12601,6432,La Brévine,1042,2536700,1203600,24,Neuchâtel,2403,District du Locle
12602,5474,La Chaux (Cossonay),559,2526000,1163400,22,Vaud,2204,District de Cossonay
12603,6421,La Chaux-de-Fonds,996,2553400,1216900,24,Neuchâtel,2402,District de la Chaux-de-Fonds
12604,6435,La Chaux-du-Milieu,1077,2544000,1207200,24,Neuchâtel,2403,District du Locle
12605,175,Kyburg,626,2698400,1257100,1,Zürich,108,Bezirk Pfäffikon
12606,6623,Le Grand-Saconnex,447,2498600,1121100,25,Genève,2500,Canton de Genève
12607,1344,Lachen,411,2707200,1227700,5,Schwyz,505,Bezirk March
12608,5637,Lavigny,487,2520800,1150000,22,Vaud,2209,District de Morges
12609,6061,Lax,1041,2652400,1137700,23,Valais / Wallis,2304,Bezirk Goms
12610,6434,Le Cerneux-Péquignot,1089,2541200,1207600,24,Neuchâtel,2403,District du Locle
12611,2067,Le Châtelard,903,2564700,1169700,10,Fribourg / Freiburg,1002,District de la Glâne
12612,5112,Lavertezzo,555,2708100,1123900,21,Ticino,2104,Distretto di Locarno
12613,2326,Le Crêt,915,2559500,1162100,10,Fribourg / Freiburg,1007,District de la Veveyse
12614,5586,Lausanne,495,2538200,1152400,22,Vaud,2207,District de Lausanne
12615,5873,Le Lieu,1026,2512800,1168200,22,Vaud,2217,District de la Vallée
12616,6436,Le Locle,918,2547600,1212000,24,Neuchâtel,2403,District du Locle
12617,5587,Le Mont-sur-Lausanne,699,2538400,1156800,22,Vaud,2207,District de Lausanne
12618,2145,Le Pâquier (FR),753,2570600,1160300,10,Fribourg / Freiburg,1003,District de la Gruyère
12619,6483,Le Pâquier (NE),897,2565700,1216500,24,Neuchâtel,2405,District du Val-de-Ruz
12620,195,Maur,455,2693000,1244000,1,Zürich,109,Bezirk Uster
12621,5872,Le Chenit,1058,2506900,1162100,22,Vaud,2217,District de la Vallée
12622,4678,Langrickenbach,518,2736100,1273000,20,Thurgau,2005,Bezirk Kreuzlingen
12623,5189,Lamone,325,2715700,1100400,21,Ticino,2105,Distretto di Lugano
12624,6628,Lancy,421,2498100,1116300,25,Genève,2500,Canton de Genève
12625,4687,Landschlacht,420,2736000,1276400,20,Thurgau,2005,Bezirk Kreuzlingen
12626,2550,Langendorf,491,2605800,1230100,11,Solothurn,1107,Bezirk Lebern
12627,329,Langenthal,477,2626400,1229100,2,Bern / Berne,202,Amtsbezirk Aarwangen
12628,5406,Lavey-Morcles,486,2567700,1118700,22,Vaud,2201,District d'Aigle
12629,1134,Langnau bei Reiden,466,2639700,1231100,3,Luzern,305,Amt Willisau
12630,1090,Kulmerau,617,2649100,1233900,3,Luzern,304,Amt Sursee
12631,4924,Lanterswil,573,2724500,1264900,20,Thurgau,2008,Bezirk Weinfelden
12632,4812,Lanzenneunforn,571,2712700,1275800,20,Thurgau,2007,Bezirk Steckborn
12633,5037,Largario,870,2715300,1150300,21,Ticino,2102,Distretto di Blenio
12634,1365,Lauerz,465,2686700,1210000,5,Schwyz,506,Bezirk Schwyz
12635,34,Laufen-Uhwiesen,446,2689800,1280600,1,Zürich,102,Bezirk Andelfingen
12636,4170,Laufenburg,317,2646800,1267900,19,Aargau,1906,Bezirk Laufenburg
12637,136,Langnau am Albis,484,2683400,1238100,1,Zürich,106,Bezirk Horgen
12638,4233,Kallern,531,2664700,1241000,19,Aargau,1908,Bezirk Muri
12639,305,Kappelen,444,2587000,1212100,2,Bern / Berne,201,Amtsbezirk Aarberg
12640,5585,Jouxtens-Mézery,563,2535600,1156000,22,Vaud,2207,District de Lausanne
12641,5754,Juriens,795,2524300,1171600,22,Vaud,2212,District d'Orbe
12642,6626,Jussy,470,2509500,1121000,25,Genève,2500,Canton de Genève
12643,4252,Kaiseraugst,267,2621500,1265600,19,Aargau,1909,Bezirk Rheinfelden
12644,4071,Jonen,393,2672200,1238800,19,Aargau,1903,Bezirk Bremgarten
12645,4169,Kaisten,332,2645600,1265600,19,Aargau,1906,Bezirk Laufenburg
12646,2264,Jeuss,545,2579000,1194800,10,Fribourg / Freiburg,1005,Bezirk See / District du Lac
12647,304,Kallnach,461,2584600,1207700,2,Bern / Berne,201,Amtsbezirk Aarberg
12648,4871,Kaltenbach,439,2705300,1279000,20,Thurgau,2007,Bezirk Steckborn
12649,4737,Kalthäusern,485,2715700,1264700,20,Thurgau,2006,Bezirk Münchwilen
12650,2549,Kammersrohr,604,2611700,1233700,11,Solothurn,1107,Bezirk Lebern
12651,2580,Kappel (SO),425,2631000,1241500,11,Solothurn,1108,Bezirk Olten
12652,4031,Künten,424,2667300,1249100,19,Aargau,1902,Bezirk Baden
12653,4308,Kaiserstuhl,354,2673700,1269100,19,Aargau,1911,Bezirk Zurzach
12654,5188,Iseo,692,2711800,1095900,21,Ticino,2105,Distretto di Lugano
12655,5110,Indemini,945,2707300,1105700,21,Ticino,2104,Distretto di Locarno
12656,6109,Inden,1149,2613800,1132600,23,Valais / Wallis,2306,Bezirk Leuk
12657,1364,Ingenbohl,437,2689000,1206000,5,Schwyz,506,Bezirk Schwyz
12658,1343,Innerthal,934,2712400,1218300,5,Schwyz,505,Bezirk March
12659,1033,Inwil,420,2669200,1219500,3,Luzern,302,Amt Hochdorf
12660,5885,Jongny,611,2554300,1147800,22,Vaud,2218,District de Vevey
12661,1211,Isenthal,778,2685500,1196100,4,Uri,400,Kanton Uri
12662,4574,Kefikon,417,2704900,1267400,20,Thurgau,2004,Bezirk Frauenfeld
12663,6134,Isérables,1097,2585000,1112300,23,Valais / Wallis,2307,District de Martigny
12664,4573,Islikon,422,2705600,1267000,20,Thurgau,2004,Bezirk Frauenfeld
12665,5009,Isone,747,2719600,1109800,21,Ticino,2101,Distretto di Bellinzona
12666,4923,Istighofen,443,2728700,1267000,20,Thurgau,2008,Bezirk Weinfelden
12667,4168,Ittenthal,399,2646700,1263200,19,Aargau,1906,Bezirk Laufenburg
12668,2138,Jaun,1003,2587700,1162200,10,Fribourg / Freiburg,1003,District de la Gruyère
12669,5284,Iragna,290,2717700,1132000,21,Ticino,2107,Distretto di Riviera
12670,355,Köniz,571,2598300,1197200,2,Bern / Berne,203,Amtsbezirk Bern
12671,6,Kappel am Albis,572,2682400,1231300,1,Zürich,101,Bezirk Affoltern
12672,4309,Klingnau,323,2661400,1270100,19,Aargau,1911,Bezirk Zurzach
12673,62,Kloten,435,2686300,1256300,1,Zürich,103,Bezirk Bülach
12674,7,Knonau,431,2677500,1230900,1,Zürich,101,Bezirk Affoltern
12675,1089,Knutwil,555,2648000,1227800,3,Luzern,304,Amt Sursee
12676,2267,Kleingurmels,553,2580900,1192700,10,Fribourg / Freiburg,1005,Bezirk See / District du Lac
12677,4276,Kölliken,438,2644100,1242900,19,Aargau,1910,Bezirk Zofingen
12678,328,Kleindietwil,557,2626700,1221600,2,Bern / Berne,202,Amtsbezirk Aarwangen
12679,413,Koppigen,473,2612500,1220200,2,Bern / Berne,206,Amtsbezirk Burgdorf
12680,1133,Kottwil,518,2645900,1223700,3,Luzern,305,Amt Willisau
12681,4508,Kradolf,459,2732600,1265500,20,Thurgau,2002,Bezirk Bischofszell
12682,414,Krauchthal,582,2609700,1206500,2,Bern / Berne,206,Amtsbezirk Burgdorf
12683,4671,Kreuzlingen,415,2730100,1278800,20,Thurgau,2005,Bezirk Kreuzlingen
12684,1059,Kriens,487,2663800,1209600,3,Luzern,303,Amt Luzern
12685,4310,Koblenz,315,2659700,1273200,19,Aargau,1911,Bezirk Zurzach
12686,6197,Kippel,1375,2625700,1138700,23,Valais / Wallis,2309,Bezirk Raron
12687,411,Kernenried,511,2608200,1213100,2,Bern / Berne,206,Amtsbezirk Burgdorf
12688,1404,Kerns,561,2663700,1194800,6,Obwalden,600,Kanton Obwalden
12689,2265,Kerzers,457,2581600,1202600,10,Fribourg / Freiburg,1005,Bezirk See / District du Lac
12690,4426,Kesswil,412,2741300,1273100,20,Thurgau,2001,Bezirk Arbon
12691,2492,Kienberg,552,2639800,1254400,11,Solothurn,1105,Bezirk Gösgen
12692,2619,Kleinlützel,419,2598400,1252800,11,Solothurn,1110,Bezirk Thierstein
12693,4030,Killwangen,409,2669000,1253900,19,Aargau,1902,Bezirk Baden
12694,4311,Leibstadt,343,2655400,1271200,19,Aargau,1911,Bezirk Zurzach
12695,412,Kirchberg (BE),509,2611000,1214800,2,Bern / Berne,206,Amtsbezirk Burgdorf
12696,4275,Kirchleerau,511,2647600,1236300,19,Aargau,1910,Bezirk Zofingen
12697,354,Kirchlindach,595,2598200,1205500,2,Bern / Berne,203,Amtsbezirk Bern
12698,4905,Klarsreuti,559,2733500,1272200,20,Thurgau,2008,Bezirk Weinfelden
12699,33,Kleinandelfingen,365,2693600,1272800,1,Zürich,102,Bezirk Andelfingen
12700,2266,Kleinbösingen,510,2582200,1193700,10,Fribourg / Freiburg,1005,Bezirk See / District du Lac
12701,135,Kilchberg (ZH),512,2683400,1241300,1,Zürich,106,Bezirk Horgen
12702,5116,Magadino,213,2709600,1111700,21,Ticino,2104,Distretto di Locarno
12703,5526,Malapalud,664,2538900,1163600,22,Vaud,2205,District d'Echallens
12704,5606,Lutry,382,2542300,1150500,22,Vaud,2208,District de Lavaux
12705,3033,Lutzenberg,547,2760600,1258700,15,Appenzell Ausserrhoden,1503,Bezirk Vorderland
12706,1061,Luzern,434,2666200,1211800,3,Luzern,303,Amt Luzern
12707,306,Lyss,442,2590000,1213700,2,Bern / Berne,201,Amtsbezirk Aarberg
12708,2456,Lüterswil,575,2600000,1218800,11,Solothurn,1103,Bezirk Bucheggberg
12709,332,Madiswil,537,2627300,1223900,2,Bern / Berne,202,Amtsbezirk Aarwangen
12710,4611,Lustdorf,596,2716600,1267800,20,Thurgau,2004,Bezirk Frauenfeld
12711,4253,Magden,327,2628200,1264100,19,Aargau,1909,Bezirk Rheinfelden
12712,4032,Mägenwil,419,2659700,1251500,19,Aargau,1902,Bezirk Baden
12713,5317,Maggia,339,2697900,1122500,21,Ticino,2108,Distretto di Vallemaggia
12714,5193,Magliaso,281,2712400,1093500,21,Ticino,2105,Distretto di Lugano
12715,2205,Magnedens,707,2572700,1176800,10,Fribourg / Freiburg,1004,District de la Sarine
12716,1614,Luchsingen,576,2721600,1203000,8,Glarus,800,Kanton Glarus
12717,415,Lyssach,515,2610600,1212900,2,Bern / Berne,206,Amtsbezirk Burgdorf
12718,1405,Lungern,699,2654900,1181800,6,Obwalden,600,Kanton Obwalden
12719,5731,Le Vaud,822,2507500,1148100,22,Vaud,2211,District de Nyon
12720,63,Lufingen,454,2687200,1260500,1,Zürich,103,Bezirk Bülach
12721,5191,Lugaggia,494,2718600,1102200,21,Ticino,2105,Distretto di Lugano
12722,5858,Luins,442,2510300,1144000,22,Vaud,2216,District de Rolle
12723,2025,Lully (FR),494,2554800,1187100,10,Fribourg / Freiburg,1001,District de la Broye
12724,1135,Luthern,766,2636300,1212200,3,Luzern,305,Amt Willisau
12725,5010,Lumino,265,2725500,1121200,21,Ticino,2101,Distretto di Bellinzona
12726,1062,Malters,503,2656700,1209800,3,Luzern,303,Amt Luzern
12727,4104,Lupfig,393,2657700,1254800,19,Aargau,1904,Bezirk Brugg
12728,2270,Lurtigen,567,2579800,1197400,10,Fribourg / Freiburg,1005,Bezirk See / District du Lac
12729,5487,Lussery,488,2530100,1164800,22,Vaud,2204,District de Cossonay
12730,2454,Lüsslingen,437,2604800,1226600,11,Solothurn,1103,Bezirk Bucheggberg
12731,2083,Lussy (FR),727,2562200,1173900,10,Fribourg / Freiburg,1002,District de la Glâne
12732,5640,Lussy-sur-Morges,459,2524100,1150800,22,Vaud,2209,District de Morges
12733,5639,Lully (VD),425,2525300,1150900,22,Vaud,2209,District de Morges
12734,2086,Massonnens,741,2564500,1172200,10,Fribourg / Freiburg,1002,District de la Glâne
12735,5074,Mairengo,922,2703700,1149600,21,Ticino,2103,Distretto di Leventina
12736,6178,Martisberg,1354,2650900,1137400,23,Valais / Wallis,2309,Bezirk Raron
12737,4713,Märwil,510,2723100,1266000,20,Thurgau,2006,Bezirk Münchwilen
12738,8,Maschwanden,399,2674800,1232000,1,Zürich,101,Bezirk Affoltern
12739,6085,Mase,1333,2599600,1115900,23,Valais / Wallis,2305,District d'Hérens
12740,5676,Martherenges,771,2547500,1168000,22,Vaud,2210,District de Moudon
12741,6215,Massongex,398,2565400,1121300,23,Valais / Wallis,2310,District de Saint-Maurice
12742,35,Marthalen,392,2690900,1275700,1,Zürich,102,Bezirk Andelfingen
12743,5919,Mathod,443,2533300,1179900,22,Vaud,2219,District d'Yverdon
12744,2208,Matran,584,2573900,1181500,10,Fribourg / Freiburg,1004,District de la Sarine
12745,1615,Matt,851,2731900,1202400,8,Glarus,800,Kanton Glarus
12746,4906,Mattwil,536,2733000,1271200,20,Thurgau,2008,Bezirk Weinfelden
12747,4591,Matzingen,447,2712600,1264300,20,Thurgau,2004,Bezirk Frauenfeld
12748,5562,Mauborget,1165,2537300,1189700,22,Vaud,2206,District de Grandson
12749,5196,Massagno,359,2716700,1096600,21,Ticino,2105,Distretto di Lugano
12750,1006,Marbach (LU),869,2635100,1189200,3,Luzern,301,Amt Entlebuch
12751,5041,Malvaglia,375,2718700,1140900,21,Ticino,2102,Distretto di Blenio
12752,4862,Mammern,406,2711000,1278300,20,Thurgau,2007,Bezirk Steckborn
12753,4105,Mandach,491,2656200,1266500,19,Aargau,1904,Bezirk Brugg
12754,155,Männedorf,439,2695200,1234400,1,Zürich,107,Bezirk Meilen
12755,2026,Mannens-Grandsivaz,629,2564200,1182500,10,Fribourg / Freiburg,1001,District de la Broye
12756,6137,Martigny-Combe,1353,2569000,1105000,23,Valais / Wallis,2307,District de Martigny
12757,5790,Maracon,843,2556500,1155600,22,Vaud,2213,District d'Oron
12758,5675,Lucens,497,2554100,1173200,22,Vaud,2210,District de Moudon
12759,5430,Marchissy,821,2508500,1149200,22,Vaud,2202,District d'Aubonne
12760,6457,Marin-Epagnier,454,2566800,1206600,24,Neuchâtel,2404,District de Neuchâtel
12761,5820,Marnand,477,2558800,1178500,22,Vaud,2214,District de Payerne
12762,5195,Maroggia,276,2718800,1088200,21,Ticino,2105,Distretto di Lugano
12763,5042,Marolta,805,2713800,1148600,21,Ticino,2102,Distretto di Blenio
12764,2140,Marsens,735,2571200,1167200,10,Fribourg / Freiburg,1003,District de la Gruyère
12765,5194,Manno,342,2714600,1099200,21,Ticino,2105,Distretto di Lugano
12766,1612,Leuggelbach,551,2722300,1204100,8,Glarus,800,Kanton Glarus
12767,6135,Leytron,494,2582200,1115100,23,Valais / Wallis,2307,District de Martigny
12768,6422,Les Planchettes,1062,2549300,1217500,24,Neuchâtel,2402,District de la Chaux-de-Fonds
12769,6437,Les Ponts-de-Martel,1031,2546100,1205500,24,Neuchâtel,2403,District du Locle
12770,5800,Les Tavernes,642,2552100,1156000,22,Vaud,2213,District d'Oron
12771,5801,Les Thioleyres,702,2551900,1154400,22,Vaud,2213,District d'Oron
12772,6480,Les Geneveys-sur-Coffrane,861,2555400,1207500,24,Neuchâtel,2405,District du Val-de-Ruz
12773,2139,Lessoc,809,2571100,1150500,10,Fribourg / Freiburg,1003,District de la Gruyère
12774,2021,Les Friques,471,2565600,1194800,10,Fribourg / Freiburg,1001,District de la Broye
12775,4313,Leuggern,342,2658600,1270200,19,Aargau,1911,Bezirk Zurzach
12776,6110,Leuk,748,2615100,1129600,23,Valais / Wallis,2306,Bezirk Leuk
12777,6111,Leukerbad,1405,2614700,1136500,23,Valais / Wallis,2306,Bezirk Leuk
12778,4138,Leutwil,613,2655600,1240000,19,Aargau,1905,Bezirk Kulm
12779,388,Leuzigen,454,2601400,1224800,2,Bern / Berne,205,Amtsbezirk Büren
12780,5040,Ludiano,483,2717700,1142200,21,Ticino,2102,Distretto di Blenio
12781,6511,Les Verrières,922,2527200,1195200,24,Neuchâtel,2406,District du Val-de-Travers
12782,4201,Lenzburg,405,2655500,1249000,19,Aargau,1907,Bezirk Lenzburg
12783,4137,Leimbach (AG),528,2655300,1236000,19,Aargau,1905,Bezirk Kulm
12784,4914,Leimbach (TG),460,2731700,1269300,20,Thurgau,2008,Bezirk Weinfelden
12785,330,Leimiswil,603,2624700,1222100,2,Bern / Berne,202,Amtsbezirk Aarwangen
12786,4312,Lengnau (AG),414,2667100,1263700,19,Aargau,1911,Bezirk Zurzach
12787,387,Lengnau (BE),440,2594500,1225700,2,Bern / Berne,205,Amtsbezirk Büren
12788,6481,Les Hauts-Geneveys,961,2557100,1210900,24,Neuchâtel,2405,District du Val-de-Ruz
12789,2202,Lentigny,719,2566800,1178700,10,Fribourg / Freiburg,1004,District de la Sarine
12790,6033,Liddes,1340,2580400,1093400,23,Valais / Wallis,2303,District d'Entremont
12791,5038,Leontica,906,2714000,1146100,21,Ticino,2102,Distretto di Blenio
12792,6501,Les Bayards,987,2529800,1196600,24,Neuchâtel,2406,District du Val-de-Travers
12793,6431,Les Brenets,849,2544300,1213300,24,Neuchâtel,2403,District du Locle
12794,5750,Les Clées,605,2525400,1176100,22,Vaud,2212,District d'Orbe
12795,5786,Les Cullayes,837,2547300,1158200,22,Vaud,2213,District d'Oron
12796,2071,Les Ecasseys,918,2559500,1163400,10,Fribourg / Freiburg,1002,District de la Glâne
12797,6240,Lens,1127,2600600,1125300,23,Valais / Wallis,2311,District de Sierre
12798,5190,Lopagno,579,2719100,1103000,21,Ticino,2105,Distretto di Lugano
12799,5407,Leysin,1316,2567000,1132500,22,Vaud,2201,District d'Aigle
12800,2917,Lohn (SH),635,2692400,1290200,14,Schaffhausen,1402,Bezirk Reiat
12801,2903,Löhningen,479,2683700,1284000,14,Schaffhausen,1401,Bezirk Oberklettgau
12802,4738,Lommis,476,2717200,1264100,20,Thurgau,2006,Bezirk Münchwilen
12803,2551,Lommiswil,574,2602500,1230300,11,Solothurn,1107,Bezirk Lebern
12804,5316,Lodano,340,2696100,1123700,21,Ticino,2108,Distretto di Vallemaggia
12805,5429,Longirod,888,2509400,1149900,22,Vaud,2202,District d'Aubonne
12806,5114,Loco,658,2695300,1117500,21,Ticino,2104,Distretto di Locarno
12807,5115,Losone,231,2702200,1113500,21,Ticino,2104,Distretto di Locarno
12808,2493,Lostorf,440,2638400,1248200,11,Solothurn,1105,Bezirk Gösgen
12809,5039,Lottigna,674,2715600,1147500,21,Ticino,2102,Distretto di Blenio
12810,331,Lotzwil,499,2626700,1226700,2,Bern / Berne,202,Amtsbezirk Aarwangen
12811,5674,Lovatens,709,2556100,1171300,22,Vaud,2210,District de Moudon
12812,2204,Lovens,767,2568100,1180300,10,Fribourg / Freiburg,1004,District de la Sarine
12813,5638,Lonay,414,2529600,1153300,22,Vaud,2209,District de Morges
12814,5315,Linescio,670,2688200,1129200,21,Ticino,2108,Distretto di Vallemaggia
12815,2269,Liebistorf,515,2581400,1195200,10,Fribourg / Freiburg,1005,Bezirk See / District du Lac
12816,2082,Lieffrens,860,2558800,1165200,10,Fribourg / Freiburg,1002,District de la Glâne
12817,1034,Lieli,646,2665100,1228900,3,Luzern,302,Amt Hochdorf
12818,5755,Lignerolle,773,2524900,1177100,22,Vaud,2212,District d'Orbe
12819,6456,Lignières,803,2571600,1214700,24,Neuchâtel,2404,District de Neuchâtel
12820,5285,Lodrino,271,2718700,1128900,21,Ticino,2107,Distretto di Riviera
12821,176,Lindau,522,2693000,1255300,1,Zürich,108,Bezirk Pfäffikon
12822,5408,Noville,375,2558600,1136900,22,Vaud,2201,District d'Aigle
12823,4103,Linn,567,2651900,1257900,19,Aargau,1904,Bezirk Brugg
12824,1613,Linthal,722,2718400,1198100,8,Glarus,800,Kanton Glarus
12825,4702,Lipperswil,505,2722200,1275200,20,Thurgau,2005,Bezirk Kreuzlingen
12826,4635,Lippoldswilen,511,2725800,1274700,20,Thurgau,2005,Bezirk Kreuzlingen
12827,1060,Littau,507,2662400,1211400,3,Luzern,303,Amt Luzern
12828,5113,Locarno,199,2704700,1113800,21,Ticino,2104,Distretto di Locarno
12829,5253,Ligornetto,355,2717600,1080100,21,Ticino,2106,Distretto di Mendrisio
12830,4075,Rudolfstetten-Friedlisberg,479,2671100,1246800,19,Aargau,1903,Bezirk Bremgarten
12831,178,Russikon,607,2701000,1250200,1,Zürich,108,Bezirk Pfäffikon
12832,139,Rüschlikon,432,2684400,1240400,1,Zürich,106,Bezirk Horgen
12833,4206,Rupperswil,374,2652000,1250500,19,Aargau,1907,Bezirk Lenzburg
12834,97,Rümlang,442,2682400,1256200,1,Zürich,104,Bezirk Dielsdorf
12835,4317,Rümikon,348,2670700,1268700,19,Aargau,1911,Bezirk Zurzach
12836,421,Rumendingen,518,2615500,1217200,2,Bern / Berne,206,Amtsbezirk Burgdorf
12838,4112,Rüfenach,380,2657700,1262300,19,Aargau,1904,Bezirk Brugg
12839,2151,Rueyres-Treyfayes,839,2563200,1166500,10,Fribourg / Freiburg,1003,District de la Gruyère
12840,2223,Rueyres-Saint-Laurent,755,2569000,1174000,10,Fribourg / Freiburg,1004,District de la Sarine
12841,2039,Rueyres-les-Prés,476,2560200,1189900,10,Fribourg / Freiburg,1001,District de la Broye
12842,5534,Rueyres,607,2542800,1171700,22,Vaud,2205,District d'Echallens
12843,5823,Rossens (VD),721,2560500,1176100,22,Vaud,2214,District de Payerne
12844,2097,Rue,668,2552900,1163400,10,Fribourg / Freiburg,1002,District de la Glâne
12845,2040,Russy,556,2566700,1187900,10,Fribourg / Freiburg,1001,District de la Broye
12846,2938,Rüdlingen,437,2684600,1270700,14,Schaffhausen,1403,Bezirk Schaffhausen
12847,5928,Rovray,649,2548600,1181800,22,Vaud,2219,District d'Yverdon
12848,5219,Rovio,492,2720200,1088000,21,Ticino,2105,Distretto di Lugano
12849,5218,Roveredo-Capriasca,715,2719500,1103600,21,Ticino,2105,Distretto di Lugano
12850,5843,Rougemont,999,2582400,1148700,22,Vaud,2215,District du Pays-d'Enhaut
12851,4238,Rottenschwil,383,2669900,1240800,19,Aargau,1908,Bezirk Muri
12852,4282,Rothrist,408,2633300,1239500,19,Aargau,1910,Bezirk Zofingen
12853,1370,Rothenthurm,926,2693900,1217800,5,Schwyz,506,Bezirk Schwyz
12854,4929,Rothenhausen,462,2725200,1267800,20,Thurgau,2008,Bezirk Weinfelden
12855,1040,Rothenburg,501,2663000,1216600,3,Luzern,302,Amt Hochdorf
12856,5080,Rossura,1078,2706500,1148200,21,Ticino,2103,Distretto di Leventina
12857,6246,Saint-Léonard,504,2598500,1122500,23,Valais / Wallis,2311,District de Sierre
12858,5564,Novalles,571,2535700,1186700,22,Vaud,2206,District de Grandson
12859,1406,Sachseln,480,2661000,1191200,6,Obwalden,600,Kanton Obwalden
12860,5412,Rennaz,377,2560000,1136200,22,Vaud,2201,District d'Aigle
12861,6245,Saint-Jean,1361,2611200,1116100,23,Valais / Wallis,2311,District de Sierre
12862,443,Saint-Imier,776,2566600,1222000,2,Bern / Berne,207,District de Courtelary
12863,6155,Saint-Gingolph,405,2551300,1138000,23,Valais / Wallis,2308,District de Monthey
12864,5434,Saint-George,931,2509600,1152100,22,Vaud,2202,District d'Aubonne
12865,5685,Saint-Cierges,760,2546100,1171200,22,Vaud,2210,District de Moudon
12866,5727,Saint-Cergue,1041,2501600,1144700,22,Vaud,2211,District de Nyon
12867,6459,Saint-Blaise,445,2565600,1207100,24,Neuchâtel,2404,District de Neuchâtel
12868,5535,Saint-Barthélemy (VD),584,2535800,1165200,22,Vaud,2205,District d'Echallens
12869,6414,Saint-Aubin-Sauges,468,2549300,1194000,24,Neuchâtel,2401,District de Boudry
12870,2041,Saint-Aubin (FR),472,2565100,1193400,10,Fribourg / Freiburg,1001,District de la Broye
12871,6140,Saillon,505,2580400,1113400,23,Valais / Wallis,2307,District de Martigny
12872,6637,Russin,418,2490000,1116100,25,Genève,2500,Canton de Genève
12873,4283,Safenwil,472,2641200,1241300,19,Aargau,1910,Bezirk Zofingen
12874,5126,Russo,805,2691300,1117400,21,Ticino,2104,Distretto di Locarno
12875,6291,Saas Grund,1583,2638600,1108100,23,Valais / Wallis,2313,Bezirk Visp
12876,6290,Saas Fee,1779,2637700,1106300,23,Valais / Wallis,2313,Bezirk Visp
12877,6289,Saas Balen,1485,2637800,1111600,23,Valais / Wallis,2313,Bezirk Visp
12878,6288,Saas Almagell,1668,2640200,1105000,23,Valais / Wallis,2313,Bezirk Visp
12879,2555,Rüttenen,512,2607000,1231100,11,Solothurn,1107,Bezirk Lebern
12880,340,Rütschelen,549,2625500,1224900,2,Bern / Berne,202,Amtsbezirk Aarwangen
12881,422,Rüti bei Lyssach,528,2610600,1211500,2,Bern / Berne,206,Amtsbezirk Burgdorf
12882,393,Rüti bei Büren,438,2597500,1222300,2,Bern / Berne,205,Amtsbezirk Büren
12883,118,Rüti (ZH),472,2707000,1235300,1,Zürich,105,Bezirk Hinwil
12884,1626,Rüti (GL),613,2720100,1199700,8,Glarus,800,Kanton Glarus
12885,3256,Rüthi (Rheintal),431,2758800,1240300,17,St. Gallen,1704,Bezirk Oberrheintal
12886,1098,Ruswil,653,2652200,1215100,3,Luzern,304,Amt Sursee
12887,5684,Rossenges,679,2549100,1167300,22,Vaud,2210,District de Moudon
12888,5264,Sagno,693,2724300,1079600,21,Ticino,2106,Distretto di Mendrisio
12889,225,Rickenbach (ZH),418,2702200,1267700,1,Zürich,110,Bezirk Winterthur
12890,4111,Riniken,391,2656500,1260600,19,Aargau,1904,Bezirk Brugg
12891,12,Rifferswil,581,2680100,1232800,1,Zürich,101,Bezirk Affoltern
12892,5608,Riex,457,2546100,1149400,22,Vaud,2208,District de Lavaux
12893,4316,Rietheim,335,2663100,1272500,19,Aargau,1911,Bezirk Zurzach
12894,1369,Riemenstalden,1045,2693500,1200300,5,Schwyz,506,Bezirk Schwyz
12895,2703,Riehen,281,2615300,1269500,12,Basel-Stadt,1200,Kanton Basel-Stadt
12896,4509,Riedt,457,2733800,1267600,20,Thurgau,2002,Bezirk Bischofszell
12897,2554,Riedholz,471,2609600,1230900,11,Solothurn,1107,Bezirk Lebern
12898,1625,Riedern,530,2722400,1212100,8,Glarus,800,Kanton Glarus
12899,6180,Ried bei Mörel,1188,2645700,1134200,23,Valais / Wallis,2309,Bezirk Raron
12900,2276,Ried bei Kerzers,511,2580800,1200400,10,Fribourg / Freiburg,1005,Bezirk See / District du Lac
12901,6008,Ried bei Brig,899,2644500,1129500,23,Valais / Wallis,2301,Bezirk Brig
12902,5842,Rossinière,921,2572600,1146300,22,Vaud,2215,District du Pays-d'Enhaut
12903,4751,Rickenbach bei Wil,536,2721600,1256600,20,Thurgau,2006,Bezirk Münchwilen
12904,5263,Riva San Vitale,283,2718800,1085000,21,Ticino,2106,Distretto di Mendrisio
12905,2582,Rickenbach (SO),439,2631500,1243500,11,Solothurn,1108,Bezirk Olten
12906,1097,Rickenbach (LU),691,2654200,1230100,3,Luzern,304,Amt Sursee
12907,138,Richterswil,411,2696000,1229300,1,Zürich,106,Bezirk Horgen
12908,1141,Richenthal,510,2638200,1229700,3,Luzern,305,Amt Willisau
12909,2148,Riaz,723,2571100,1165500,10,Fribourg / Freiburg,1003,District de la Gruyère
12910,4872,Rheinklingen,411,2702800,1281300,20,Thurgau,2007,Bezirk Steckborn
12911,4258,Rheinfelden,282,2626900,1267000,19,Aargau,1909,Bezirk Rheinfelden
12912,38,Rheinau,360,2687700,1277700,1,Zürich,102,Bezirk Andelfingen
12913,5644,Reverolle,586,2523300,1155000,22,Vaud,2209,District de Morges
12914,4928,Reuti,470,2726700,1267200,20,Thurgau,2008,Bezirk Weinfelden
12915,3035,Reute (AR),701,2761200,1254300,15,Appenzell Ausserrhoden,1503,Bezirk Vorderland
12916,1038,Retschwil,480,2661800,1227200,3,Luzern,302,Amt Hochdorf
12917,6139,Riddes,494,2583300,1113400,23,Valais / Wallis,2307,District de Martigny
12918,339,Rohrbachgraben,734,2627200,1217300,2,Bern / Berne,202,Amtsbezirk Aarwangen
12919,68,Rorbas,402,2685700,1264800,1,Zürich,103,Bezirk Bülach
12920,5798,Ropraz,745,2547400,1162800,22,Vaud,2213,District d'Oron
12921,1065,Root,428,2672300,1218700,3,Luzern,303,Amt Luzern
12922,5125,Ronco sopra Ascona,372,2699500,1111100,21,Ticino,2104,Distretto di Locarno
12923,3537,Rona,1409,2767600,1158900,18,Graubünden / Grigioni / Grischun,1801,Bezirk Albula
12924,1007,Romoos,787,2644800,1206900,3,Luzern,301,Amt Entlebuch
12925,442,Romont (BE),748,2592600,1226400,2,Bern / Berne,207,District de Courtelary
12926,1039,Römerswil,724,2661200,1224600,3,Luzern,302,Amt Hochdorf
12927,4436,Romanshorn,400,2745900,1270100,20,Thurgau,2001,Bezirk Arbon
12928,2150,Romanens,896,2564200,1166700,10,Fribourg / Freiburg,1003,District de la Gruyère
12929,5645,Romanel-sur-Morges,456,2528800,1156500,22,Vaud,2209,District de Morges
12930,5592,Romanel-sur-Lausanne,595,2536000,1157300,22,Vaud,2207,District de Lausanne
12931,1707,Risch,428,2675100,1221600,9,Zug,900,Kanton Zug
12932,5861,Rolle,387,2515300,1145800,22,Vaud,2216,District de Rolle
12933,6068,Ritzingen,1319,2660300,1145400,23,Valais / Wallis,2304,Bezirk Goms
12934,338,Rohrbach,585,2628600,1220600,2,Bern / Berne,202,Amtsbezirk Aarwangen
12935,2498,Rohr (SO),577,2639000,1251100,11,Solothurn,1105,Bezirk Gösgen
12936,4011,Rohr (AG),363,2648500,1250400,19,Aargau,1901,Bezirk Aarau
12937,4431,Roggwil (TG),440,2747400,1262800,20,Thurgau,2001,Bezirk Arbon
12938,337,Roggwil (BE),451,2629000,1232200,2,Bern / Berne,202,Amtsbezirk Aarwangen
12939,1142,Roggliswil,559,2633900,1229100,3,Luzern,305,Amt Willisau
12940,2479,Rodersdorf,380,2601400,1258900,11,Solothurn,1104,Bezirk Dorneck
12941,6413,Rochefort,757,2552200,1203200,24,Neuchâtel,2401,District de Boudry
12942,5413,Roche (VD),394,2561000,1134500,22,Vaud,2201,District d'Aigle
12943,5016,Robasacco,495,2716400,1111200,21,Ticino,2101,Distretto di Bellinzona
12944,5217,Rivera,533,2714600,1108500,21,Ticino,2105,Distretto di Lugano
12945,5609,Rivaz,435,2549300,1147400,22,Vaud,2208,District de Lavaux
12946,5435,Saint-Livres,606,2519300,1151300,22,Vaud,2202,District d'Aubonne
12947,5567,Romairon,821,2539200,1189200,22,Vaud,2206,District de Grandson
12948,1627,Schwanden (GL),536,2724300,1206100,8,Glarus,800,Kanton Glarus
12949,4208,Seengen,468,2658000,1241800,19,Aargau,1907,Bezirk Lenzburg
12950,1215,Seelisberg,773,2687400,1202700,4,Uri,400,Kanton Uri
12951,119,Seegräben,558,2700800,1244300,1,Zürich,105,Bezirk Hinwil
12952,1214,Seedorf (UR),456,2689500,1192800,4,Uri,400,Kanton Uri
12953,312,Seedorf (BE),560,2590400,1209400,2,Bern / Berne,201,Amtsbezirk Aarberg
12954,5825,Sédeilles,689,2561300,1177700,22,Vaud,2214,District de Payerne
12955,1372,Schwyz,517,2692400,1208500,5,Schwyz,506,Bezirk Schwyz
12956,197,Schwerzenbach,443,2692200,1248800,1,Zürich,109,Bezirk Uster
12957,3004,Schwellbrunn,963,2736800,1246100,15,Appenzell Ausserrhoden,1501,Bezirk Hinterland
12958,4500,Schweizersholz,567,2732600,1262700,20,Thurgau,2002,Bezirk Bischofszell
12959,341,Schwarzhäusern,431,2624900,1233500,2,Bern / Berne,202,Amtsbezirk Aarwangen
12960,1066,Schwarzenberg,832,2655900,1207600,3,Luzern,303,Amt Luzern
12961,4663,Schönenbaumgarten,498,2734800,1275200,20,Thurgau,2005,Bezirk Kreuzlingen
12962,1628,Schwändi,691,2723800,1207300,8,Glarus,800,Kanton Glarus
12963,2042,Seiry,606,2553600,1184800,10,Fribourg / Freiburg,1001,District de la Broye
12964,4176,Schwaderloch,322,2653100,1270800,19,Aargau,1906,Bezirk Laufenburg
12965,1008,Schüpfheim,726,2644200,1200400,3,Luzern,301,Amt Entlebuch
12966,311,Schüpfen,522,2595400,1209700,2,Bern / Berne,201,Amtsbezirk Aarberg
12967,4259,Schupfart,446,2639700,1262700,19,Aargau,1909,Bezirk Rheinfelden
12968,1346,Schübelbach,429,2712900,1225800,5,Schwyz,505,Bezirk March
12969,1143,Schötz,504,2641700,1224500,3,Luzern,305,Amt Willisau
12970,1041,Schongau,681,2662500,1235600,3,Luzern,302,Amt Hochdorf
12971,2583,Schönenwerd,400,2642800,1246900,11,Solothurn,1108,Bezirk Olten
12972,3003,Schönengrund,846,2735200,1243200,15,Appenzell Ausserrhoden,1501,Bezirk Hinterland
12973,2815,Schönenbuch,347,2604700,1265200,13,Basel-Landschaft,1301,Bezirk Arlesheim
12974,4499,Schönenberg an der Thur,455,2732600,1264900,20,Thurgau,2002,Bezirk Bischofszell
12975,5888,Saint-Légier-La Chiésaz,579,2557100,1146800,22,Vaud,2218,District de Vevey
12976,1101,Schwarzenbach,661,2658500,1231500,3,Luzern,304,Amt Sursee
12977,227,Seuzach,442,2697400,1265800,1,Zürich,110,Bezirk Winterthur
12978,5081,Sobrio,1114,2712500,1139700,21,Ticino,2103,Distretto di Leventina
12979,4517,Sitterdorf,486,2736400,1263200,20,Thurgau,2002,Bezirk Bischofszell
12980,4177,Sisseln,300,2641400,1267100,19,Aargau,1906,Bezirk Laufenburg
12981,1217,Sisikon,453,2690100,1200500,4,Uri,400,Kanton Uri
12982,4764,Sirnach,544,2717500,1257900,20,Thurgau,2006,Bezirk Münchwilen
12983,4239,Sins,414,2672400,1227200,19,Aargau,1908,Bezirk Muri
12984,6009,Simplon,1471,2647700,1116200,23,Valais / Wallis,2301,Bezirk Brig
12985,1216,Silenen,525,2694100,1182900,4,Uri,400,Kanton Uri
12986,5728,Signy-Avenex,468,2504900,1138400,22,Vaud,2211,District de Nyon
12987,4319,Siglistorf,441,2670900,1266500,19,Aargau,1911,Bezirk Zurzach
12988,5223,Sigirino,473,2714100,1104300,21,Ticino,2105,Distretto di Lugano
12989,2953,Siblingen,509,2681200,1285400,14,Schaffhausen,1404,Bezirk Schleitheim
12990,2480,Seewen,543,2616600,1253700,11,Solothurn,1104,Bezirk Dorneck
12991,2043,Sévaz,493,2557000,1187600,10,Fribourg / Freiburg,1001,District de la Broye
12992,5826,Seigneux,577,2557200,1175300,22,Vaud,2214,District de Payerne
12993,5222,Sessa,390,2706900,1095200,21,Ticino,2105,Distretto di Lugano
12994,5799,Servion,755,2549800,1158500,22,Vaud,2213,District d'Oron
12995,5762,Sergey,613,2528300,1178200,22,Vaud,2212,District d'Orbe
12996,4209,Seon,443,2654500,1244300,19,Aargau,1907,Bezirk Lenzburg
12997,2225,Senèdes,751,2577400,1176800,10,Fribourg / Freiburg,1004,District de la Sarine
12998,5499,Senarclens,587,2527200,1161500,22,Vaud,2204,District de Cossonay
12999,1102,Sempach,508,2657100,1220700,3,Luzern,304,Amt Sursee
13000,5046,Semione,419,2717800,1140700,21,Ticino,2102,Distretto di Blenio
13001,5019,Sementina,233,2719600,1115900,21,Ticino,2101,Distretto di Bellinzona
13002,6035,Sembrancher,714,2577800,1103000,23,Valais / Wallis,2303,District d'Entremont
13003,2556,Selzach,457,2601100,1228300,11,Solothurn,1107,Bezirk Lebern
13004,6069,Selkingen,1315,2659500,1145000,23,Valais / Wallis,2304,Bezirk Goms
13005,4144,Schöftland,461,2646300,1239500,19,Aargau,1905,Bezirk Kulm
13006,5500,Sévery,608,2523300,1158700,22,Vaud,2204,District de Cossonay
13007,4863,Salen-Reutenen,708,2719000,1279000,20,Thurgau,2007,Bezirk Steckborn
13008,5686,Sarzens,712,2554900,1170300,22,Vaud,2210,District de Moudon
13009,1407,Sarnen,472,2661400,1194200,6,Obwalden,600,Kanton Obwalden
13010,4076,Sarmenstorf,534,2661200,1240300,19,Aargau,1903,Bezirk Bremgarten
13011,5018,Sant'Antonio,940,2726800,1114500,21,Ticino,2101,Distretto di Bellinzona
13012,5017,Sant'Antonino,229,2719000,1112500,21,Ticino,2101,Distretto di Bellinzona
13013,5128,Sant'Abbondio,315,2703200,1107500,21,Ticino,2104,Distretto di Locarno
13014,5127,San Nazzaro,234,2705400,1109800,21,Ticino,2104,Distretto di Locarno
13015,2277,Salvenach,565,2578000,1195800,10,Fribourg / Freiburg,1005,Bezirk See / District du Lac
13016,6218,Salvan,957,2567800,1107800,23,Valais / Wallis,2310,District de Saint-Maurice
13017,5265,Salorino,461,2720800,1081200,21,Ticino,2106,Distretto di Mendrisio
13018,4441,Salmsach,401,2745400,1269000,20,Thurgau,2001,Bezirk Arbon
13019,6264,Salins,738,2593500,1117900,23,Valais / Wallis,2312,District de Sion
13020,140,Schönenberg (ZH),720,2691400,1227600,1,Zürich,106,Bezirk Horgen
13021,2152,Sâles (Gruyère),823,2564400,1165000,10,Fribourg / Freiburg,1003,District de la Gruyère
13022,1371,Sattel,790,2690900,1215200,5,Schwyz,506,Bezirk Schwyz
13023,5220,Sala Capriasca,548,2717400,1102800,21,Ticino,2105,Distretto di Lugano
13024,5568,Sainte-Croix,1081,2528500,1186100,22,Vaud,2206,District de Grandson
13025,5648,Saint-Sulpice (VD),395,2532400,1151400,22,Vaud,2209,District de Morges
13026,6509,Saint-Sulpice (NE),749,2533200,1195800,24,Neuchâtel,2406,District du Val-de-Travers
13027,5647,Saint-Saphorin-sur-Morges,533,2527100,1155500,22,Vaud,2209,District de Morges
13028,5610,Saint-Saphorin (Lavaux),399,2550600,1147100,22,Vaud,2208,District de Lavaux
13029,5646,Saint-Prex,393,2524600,1148300,22,Vaud,2209,District de Morges
13030,5436,Saint-Oyens,728,2513300,1150300,22,Vaud,2202,District d'Aubonne
13031,6217,Saint-Maurice,414,2566500,1118600,23,Valais / Wallis,2310,District de Saint-Maurice
13032,6087,Saint-Martin (VS),1407,2600400,1113500,23,Valais / Wallis,2305,District d'Hérens
13033,2335,Saint-Martin (FR),831,2556300,1158500,10,Fribourg / Freiburg,1007,District de la Veveyse
13034,6247,Saint-Luc,1646,2612300,1118700,23,Valais / Wallis,2311,District de Sierre
13035,6113,Salgesch,582,2610100,1128900,23,Valais / Wallis,2306,Bezirk Leuk
13036,4688,Scherzingen,427,2734400,1277000,20,Thurgau,2005,Bezirk Kreuzlingen
13037,99,Schöfflisdorf,473,2673700,1261500,1,Zürich,104,Bezirk Dielsdorf
13038,4516,Schocherswil,532,2737600,1266700,20,Thurgau,2002,Bezirk Bischofszell
13039,2461,Schnottwil,508,2596400,1217800,11,Solothurn,1103,Bezirk Bucheggberg
13040,4318,Schneisingen,484,2669700,1263500,19,Aargau,1911,Bezirk Zurzach
13041,2305,Schmitten (FR),642,2585400,1189400,10,Fribourg / Freiburg,1006,Bezirk Sense
13042,4143,Schmiedrued,596,2650600,1234900,19,Aargau,1905,Bezirk Kulm
13043,4142,Schlossrued,497,2649100,1238000,19,Aargau,1905,Bezirk Kulm
13044,1100,Schlierbach,711,2651200,1230700,3,Luzern,304,Amt Sursee
13045,2952,Schleitheim,472,2678600,1289300,14,Schaffhausen,1404,Bezirk Schleitheim
13046,98,Schleinikon,471,2672100,1261200,1,Zürich,104,Bezirk Dielsdorf
13047,4533,Schlattingen,416,2699900,1280200,20,Thurgau,2003,Bezirk Diessenhofen
13048,226,Schlatt,651,2704700,1258400,1,Zürich,110,Bezirk Winterthur
13049,5824,Sassel,630,2555700,1180800,22,Vaud,2214,District de Payerne
13050,4114,Schinznach Bad,368,2655100,1255800,19,Aargau,1904,Bezirk Brugg
13051,6638,Satigny,427,2491500,1119100,25,Genève,2500,Canton de Genève
13052,4113,Scherz,402,2656300,1255400,19,Aargau,1904,Bezirk Brugg
13053,1099,Schenkon,521,2653100,1224800,3,Luzern,304,Amt Sursee
13055,1213,Schattdorf,497,2692800,1191000,4,Uri,400,Kanton Uri
13056,4207,Schafisheim,416,2653200,1247600,19,Aargau,1907,Bezirk Lenzburg
13058,6141,Saxon,488,2580000,1110800,23,Valais / Wallis,2307,District de Martigny
13059,5221,Savosa,427,2717000,1097800,21,Ticino,2105,Distretto di Lugano
13060,5611,Savigny,798,2545800,1154400,22,Vaud,2208,District de Lavaux
13061,6265,Savièse,807,2593000,1122000,23,Valais / Wallis,2312,District de Sion
13062,6484,Savagnier,746,2563200,1211100,24,Neuchâtel,2405,District du Val-de-Ruz
13063,5437,Saubraz,687,2514900,1152100,22,Vaud,2202,District d'Aubonne
13064,420,Rüdtligen-Alchenflüh,505,2610000,1215100,2,Bern / Berne,206,Amtsbezirk Burgdorf
13065,4115,Schinznach Dorf,376,2653100,1255300,19,Aargau,1904,Bezirk Brugg
13066,5213,Ponte Tresa,292,2710100,1091800,21,Ticino,2105,Distretto di Lugano
13067,2220,Praroman,777,2580100,1177800,10,Fribourg / Freiburg,1004,District de la Sarine
13068,2037,Praratoud,652,2554900,1176100,10,Fribourg / Freiburg,1001,District de la Broye
13069,5725,Prangins,414,2508500,1138800,22,Vaud,2211,District de Nyon
13070,5927,Prahins,687,2546600,1176300,22,Vaud,2219,District d'Yverdon
13071,2219,Posieux,676,2573800,1178900,10,Fribourg / Freiburg,1004,District de la Sarine
13072,2218,Posat,676,2570800,1176300,10,Fribourg / Freiburg,1004,District de la Sarine
13073,5214,Porza,489,2717300,1098500,21,Ticino,2105,Distretto di Lugano
13074,2036,Portalban,457,2563200,1196300,10,Fribourg / Freiburg,1001,District de la Broye
13075,6154,Port-Valais,408,2554900,1137000,23,Valais / Wallis,2308,District de Monthey
13076,1037,Rain,588,2661900,1220000,3,Luzern,302,Amt Hochdorf
13077,5044,Ponto Valentino,720,2714800,1149000,21,Ticino,2102,Distretto di Blenio
13078,5215,Pregassona,371,2718900,1097700,21,Ticino,2105,Distretto di Lugano
13079,5591,Renens (VD),417,2534100,1154400,22,Vaud,2207,District de Lausanne
13080,2147,Pont-la-Ville,746,2574900,1172200,10,Fribourg / Freiburg,1003,District de la Gruyère
13081,2330,Pont (Veveyse),748,2555200,1159900,10,Fribourg / Freiburg,1007,District de la Veveyse
13082,5926,Pomy,562,2541200,1179000,22,Vaud,2219,District d'Yverdon
13083,5497,Pompaples,488,2529000,1168800,22,Vaud,2204,District de Cossonay
13084,5077,Pollegio,297,2715800,1135900,21,Ticino,2103,Distretto di Leventina
13085,5533,Poliez-Pittet,743,2542000,1164300,22,Vaud,2205,District d'Echallens
13086,5532,Poliez-le-Grand,694,2540700,1165400,22,Vaud,2205,District d'Echallens
13088,2331,Porsel,821,2556200,1161200,10,Fribourg / Freiburg,1007,District de la Veveyse
13089,5589,Prilly,483,2536100,1154100,22,Vaud,2207,District de Lausanne
13090,67,Rafz,416,2682600,1274100,1,Zürich,103,Bezirk Bülach
13091,309,Radelfingen,493,2587400,1207800,2,Bern / Berne,201,Amtsbezirk Aarberg
13092,5079,Quinto,1013,2697700,1151900,21,Ticino,2103,Distretto di Leventina
13093,5216,Pura,380,2710900,1093600,21,Ticino,2105,Distretto di Lugano
13094,6636,Puplinge,430,2506800,1118300,25,Genève,2500,Canton de Genève
13095,5590,Pully,423,2540200,1151300,22,Vaud,2207,District de Lausanne
13096,5607,Puidoux,656,2549700,1150200,22,Vaud,2208,District de Lavaux
13097,5045,Prugiasco,614,2714700,1146600,21,Ticino,2102,Distretto di Blenio
13098,5566,Provence,779,2545700,1193500,22,Vaud,2206,District de Grandson
13099,5078,Prato (Leventina),1052,2701300,1148800,21,Ticino,2103,Distretto di Leventina
13100,2332,Progens,874,2559500,1159300,10,Fribourg / Freiburg,1007,District de la Veveyse
13101,5321,Prato-Sornico,740,2693700,1138900,21,Ticino,2108,Distretto di Vallemaggia
13102,2094,Prez-vers-Siviriez,762,2556900,1165600,10,Fribourg / Freiburg,1002,District de la Glâne
13103,2221,Prez-vers-Noréaz,637,2567700,1181700,10,Fribourg / Freiburg,1004,District de la Sarine
13104,5683,Prévonloup,746,2557300,1172200,22,Vaud,2210,District de Moudon
13105,2038,Prévondavaux,687,2550900,1175600,10,Fribourg / Freiburg,1001,District de la Broye
13106,5643,Préverenges,402,2530100,1152200,22,Vaud,2209,District de Morges
13107,6635,Presinge,473,2509000,1119200,25,Genève,2500,Canton de Genève
13108,5015,Preonzo,248,2720500,1124600,21,Ticino,2101,Distretto di Bellinzona
13109,5759,Premier,872,2524000,1173100,22,Vaud,2212,District d'Orbe
13110,6634,Pregny-Chambésy,422,2500100,1122000,25,Genève,2500,Canton de Genève
13111,2299,Plaffeien,851,2588500,1176600,10,Fribourg / Freiburg,1006,Bezirk Sense
13112,2095,Promasens,608,2552800,1161200,10,Fribourg / Freiburg,1002,District de la Glâne
13113,4205,Othmarsingen,395,2658700,1250300,19,Aargau,1907,Bezirk Lenzburg
13114,6633,Plan-les-Ouates,402,2498000,1113900,25,Genève,2500,Canton de Genève
13115,5588,Paudex,382,2541000,1150800,22,Vaud,2207,District de Lausanne
13116,5210,Paradiso,278,2716700,1094400,21,Ticino,2105,Distretto di Lugano
13117,5494,Pampigny,654,2522500,1159300,22,Vaud,2204,District de Cossonay
13118,5209,Pambio-Noranco,309,2715600,1093600,21,Ticino,2105,Distretto di Lugano
13119,5795,Palézieux,634,2553300,1156200,22,Vaud,2213,District d'Oron
13120,5122,Palagnedra,667,2692200,1112000,21,Ticino,2104,Distretto di Locarno
13121,5530,Pailly,642,2541600,1172500,22,Vaud,2205,District d'Echallens
13122,5681,Oulens-sur-Lucens,642,2551700,1172700,22,Vaud,2210,District de Moudon
13123,5211,Pazzallo,420,2716600,1093700,21,Ticino,2105,Distretto di Lugano
13124,11,Ottenbach,411,2673000,1237200,1,Zürich,101,Bezirk Affoltern
13125,5320,Peccia,830,2693000,1140200,21,Ticino,2108,Distretto di Vallemaggia
13126,94,Otelfingen,443,2671500,1257200,1,Zürich,104,Bezirk Dielsdorf
13127,2905,Osterfingen,441,2678900,1279700,14,Schaffhausen,1401,Bezirk Oberklettgau
13128,37,Ossingen,416,2696800,1274200,1,Zürich,102,Bezirk Andelfingen
13129,5286,Osogna,272,2719300,1130100,21,Ticino,2107,Distretto di Riviera
13130,5075,Osco,1151,2703200,1150000,21,Ticino,2103,Distretto di Leventina
13131,5925,Orzens,626,2542200,1175100,22,Vaud,2219,District d'Yverdon
13132,438,Orvin,662,2583000,1223300,2,Bern / Berne,207,District de Courtelary
13133,2093,Orsonnens,705,2566100,1174000,10,Fribourg / Freiburg,1002,District de la Glâne
13134,6034,Orsières,889,2577400,1097700,23,Valais / Wallis,2303,District d'Entremont
13135,5121,Orselina,449,2705200,1115200,21,Ticino,2104,Distretto di Locarno
13136,5529,Oulens-sous-Echallens,589,2534000,1166000,22,Vaud,2205,District d'Echallens
13137,177,Pfäffikon,546,2701700,1246900,1,Zürich,108,Bezirk Pfäffikon
13138,5212,Ponte Capriasca,450,2717000,1102300,21,Ticino,2105,Distretto di Lugano
13139,5433,Pizy,648,2516600,1149400,22,Vaud,2202,District d'Aubonne
13140,392,Pieterlen,440,2592300,1224900,2,Bern / Berne,205,Amtsbezirk Büren
13141,2216,Pierrafortscha,751,2580700,1181800,10,Fribourg / Freiburg,1004,District de la Sarine
13142,5123,Piazzogna,367,2707200,1110200,21,Ticino,2104,Distretto di Locarno
13143,5014,Pianezzo,469,2722900,1114300,21,Ticino,2101,Distretto di Bellinzona
13144,4837,Pfyn,409,2714000,1272800,20,Thurgau,2007,Bezirk Steckborn
13145,224,Pfungen,409,2690500,1263400,1,Zürich,110,Bezirk Winterthur
13146,2813,Pfeffingen,393,2611300,1256500,13,Basel-Landschaft,1301,Bezirk Arlesheim
13147,5822,Payerne,452,2561700,1185700,22,Vaud,2214,District de Payerne
13148,1139,Pfaffnau,504,2634800,1231000,3,Luzern,305,Amt Willisau
13149,440,Plagne,867,2588500,1226400,2,Bern / Berne,207,District de Courtelary
13150,5682,Peyres-Possens,716,2544000,1168000,22,Vaud,2210,District de Moudon
13151,6412,Peseux,542,2558200,1204200,24,Neuchâtel,2401,District de Boudry
13152,439,Péry,633,2585700,1227000,2,Bern / Berne,207,District de Courtelary
13153,5076,Personico,341,2713800,1136400,21,Ticino,2103,Distretto di Leventina
13154,5860,Perroy,418,2517600,1146800,22,Vaud,2216,District de Rolle
13155,6632,Perly-Certoux,436,2495800,1112600,25,Genève,2500,Canton de Genève
13156,5531,Penthéréaz,623,2536100,1170400,22,Vaud,2205,District d'Echallens
13157,5496,Penthaz,483,2531000,1161400,22,Vaud,2204,District de Cossonay
13158,5495,Penthalaz,485,2530200,1162900,22,Vaud,2204,District de Cossonay
13159,5796,Peney-le-Jorat,842,2545600,1164800,22,Vaud,2213,District d'Oron
13160,1096,Pfeffikon,544,2655900,1233500,3,Luzern,304,Amt Sursee
13161,4110,Remigen,392,2656500,1263100,19,Aargau,1904,Bezirk Brugg
13162,6199,Raron,635,2627900,1128900,23,Valais / Wallis,2309,Bezirk Raron
13163,5760,Rances,564,2530600,1179200,22,Vaud,2212,District d'Orbe
13164,4039,Remetschwil,524,2667000,1251200,19,Aargau,1902,Bezirk Baden
13165,1212,Realp,1539,2681500,1161400,4,Uri,400,Kanton Uri
13166,95,Regensberg,610,2675400,1259600,1,Zürich,104,Bezirk Dielsdorf
13167,6067,Reckingen (VS),1322,2661800,1146800,23,Valais / Wallis,2304,Bezirk Goms
13168,96,Regensdorf,443,2677500,1253800,1,Zürich,104,Bezirk Dielsdorf
13169,3034,Rehetobel,947,2754200,1254800,15,Appenzell Ausserrhoden,1503,Bezirk Vorderland
13170,2963,Ramsen,412,2702900,1285000,14,Schaffhausen,1405,Bezirk Stein
13171,310,Rapperswil (BE),524,2597900,1212500,2,Bern / Berne,201,Amtsbezirk Aarberg
13172,2333,Remaufens,790,2557000,1153100,10,Fribourg / Freiburg,1007,District de la Veveyse
13173,5262,Rancate,355,2718700,1081100,21,Ticino,2106,Distretto di Mendrisio
13174,4141,Reinach (AG),527,2656300,1233900,19,Aargau,1905,Bezirk Kulm
13175,2301,Rechthalten,888,2584900,1179700,10,Fribourg / Freiburg,1006,Bezirk Sense
13176,4846,Raperswilen,576,2720500,1277000,20,Thurgau,2007,Bezirk Steckborn
13177,336,Reisiswil,643,2630700,1223900,2,Bern / Berne,202,Amtsbezirk Aarwangen
13178,441,Renan (BE),887,2561300,1219600,2,Bern / Berne,207,District de Courtelary
13179,6244,Randogne,1449,2604400,1129400,23,Valais / Wallis,2311,District de Sierre
13180,6287,Randa,1456,2626800,1105600,23,Valais / Wallis,2313,Bezirk Visp
13181,1345,Reichenburg,433,2716500,1225500,5,Schwyz,505,Bezirk March
13182,1140,Reiden,456,2640300,1233000,3,Luzern,305,Amt Willisau
13183,4315,Rekingen (AG),341,2666500,1269200,19,Aargau,1911,Bezirk Zurzach
13184,4281,Reitnau,513,2645900,1233400,19,Aargau,1910,Bezirk Zofingen
13185,2814,Reinach (BL),303,2611400,1260300,13,Basel-Landschaft,1301,Bezirk Arlesheim
13186,5512,Bercher,635,2544300,1171400,22,Vaud,2205,District d'Echallens
13187,2455,Lüterkofen-Ichertswil,472,2605600,1223500,11,Solothurn,1103,Bezirk Bucheggberg
13188,5625,Bussy-Chardonney,523,2523500,1153600,22,Vaud,2209,District de Morges
13189,4021,Baden,431,2665400,1258400,19,Aargau,1902,Bezirk Baden
13190,5886,Montreux,395,2559500,1142800,22,Vaud,2218,District de Vevey
13191,3972,Seewis im Prättigau,952,2767200,1206600,18,Graubünden / Grigioni / Grischun,1813,Bezirk Unterlandquart
13192,3881,Conters im Prättigau,1101,2779800,1197300,18,Graubünden / Grigioni / Grischun,1811,Bezirk Oberlandquart
13193,2295,Bösingen,551,2584000,1193500,10,Fribourg / Freiburg,1006,Bezirk Sense
13194,3982,Disentis/Mustér,1141,2708100,1173400,18,Graubünden / Grigioni / Grischun,1814,Bezirk Vorderrhein
13195,3602,Uors-Peiden,928,2733500,1173700,18,Graubünden / Grigioni / Grischun,1803,Bezirk Glenner
13196,2939,Schaffhausen,403,2689600,1283800,14,Schaffhausen,1403,Bezirk Schaffhausen
13197,3408,Uzwil,517,2728500,1256300,17,St. Gallen,1712,Bezirk Untertoggenburg
13198,4756,Schönholzerswilen,561,2728200,1264200,20,Thurgau,2006,Bezirk Münchwilen
13199,4510,Sulgen,450,2731500,1266800,20,Thurgau,2002,Bezirk Bischofszell
13200,6136,Martigny,476,2571500,1105300,23,Valais / Wallis,2307,District de Martigny
13201,3352,Ebnat-Kappel,643,2727500,1236000,17,St. Gallen,1709,Bezirk Obertoggenburg
13202,6081,Les Agettes,1025,2594900,1117700,23,Valais / Wallis,2305,District d'Hérens
13203,6415,Vaumarcus,460,2548000,1192100,24,Neuchâtel,2401,District de Boudry
13204,6455,Le Landeron,433,2571600,1211600,24,Neuchâtel,2404,District de Neuchâtel
16646,2918,Opfertshofen (SH),566,2691700,1292500,14,Schaffhausen,1402,Bezirk Reiat
16647,2914,Büttenhardt,657,2691100,1290300,14,Schaffhausen,1402,Bezirk Reiat
